UMAP_1,UMAP_2,UMAP_3,UMAP_4,UMAP_5,UMAP_6,UMAP_7,UMAP_8,UMAP_9,UMAP_10
1.7354978,8.453117,-2.8351104,4.7492375,7.1889744,7.3388,1.5905576,4.1471634,10.322694,5.04008
1.4698306,8.757572,-2.4192548,4.935466,7.646862,7.5695143,1.692269,3.9446769,10.366655,5.265183
0.36439618,8.188128,-1.3891454,5.2631993,7.239699,6.516473,2.573579,3.5664518,9.726155,6.029785
1.5596489,8.659002,-1.9572657,4.565739,7.2412653,6.344683,2.1245584,4.0684867,9.953909,5.7082887
0.95182914,9.216704,-2.4949,5.826683,7.9138165,8.094151,1.6424406,3.4503713,10.340051,5.186974
2.093802,8.506544,-1.9909166,4.5099716,7.131028,6.5554013,2.2870255,4.18722,10.036896,5.819272
0.3556255,8.935316,-2.2478745,5.809491,7.7221723,7.844238,1.7412385,3.2768657,10.000208,5.34918
0.82596344,8.37344,-2.184992,5.5668497,7.716186,7.8759594,1.868399,3.4381325,10.288851,5.5422664
0.29119048,8.118972,-1.7038133,5.367991,7.236632,6.6192136,1.9692421,3.376653,9.851803,5.960387
1.3374554,8.639659,-2.701727,5.029432,7.0985694,7.3448353,1.6659847,3.992519,10.211109,5.034975
0.56295073,8.357408,-1.5374922,5.1252303,7.2560277,6.493131,2.4701784,3.658716,9.722562,5.9380903
1.7406528,8.519016,-2.616536,4.392651,7.4158034,7.193016,1.6727812,4.124286,10.31348,4.9418745
0.3985363,8.887204,-2.1106205,5.788385,7.7337723,7.842881,1.8130981,3.222477,10.007154,5.4115663
0.81622624,9.256195,-2.2207203,5.87802,7.849201,7.939947,1.6517395,3.3144696,10.190068,5.463596
2.0553033,8.613622,-2.589233,4.5997586,7.3719974,6.9996166,1.6240201,4.130029,10.509063,5.092306
1.2786463,8.765361,-2.8443687,5.139444,7.8679767,7.4781976,1.1904181,3.759132,10.627721,4.9118857
1.1603832,8.89875,-2.7381914,5.362462,8.025265,7.55786,1.0307099,3.5385182,10.770228,4.9166656
1.5423988,8.641104,-2.913132,5.019712,7.368966,7.5820494,1.4638857,4.010654,10.44323,4.894839
1.7754499,8.622672,-2.2462566,4.805559,7.1091013,6.926112,2.277289,4.1688457,9.856713,5.688736
2.0572593,8.3749695,-2.3201797,4.479654,7.332053,6.7030253,2.152436,4.1542954,10.226822,5.4012485
1.381215,8.796137,-2.2743816,5.003002,7.0433335,6.70927,2.0798998,4.035321,9.645278,5.8482437
0.29353464,8.942295,-2.0516155,5.9233546,7.701637,7.8230615,1.5987153,3.0889204,10.0549345,5.5224266
0.9114303,8.811413,-2.538482,5.4909306,7.108211,7.7712607,1.851506,3.7471294,9.991077,5.157192
0.13245419,8.816171,-2.088679,6.275524,7.511871,7.7066593,1.6204326,3.131629,10.013695,5.9484735
0.9159446,9.0458145,-2.3836942,5.834544,7.6516724,7.923373,1.451347,3.3641362,10.377237,5.2998676
0.8211053,8.400991,-2.1859238,5.51452,7.584425,7.790946,2.062708,3.5545375,10.088902,5.6105037
4.0473313,8.6790695,-2.2309344,4.080059,7.561585,5.8132596,2.0542402,4.2195787,10.724142,5.749821
0.5285408,8.5479555,-2.3256748,5.094414,7.311363,6.9208536,1.8517618,3.7384045,9.809798,5.414704
0.71832,8.547348,-2.2382631,5.9484153,7.511199,7.595461,1.6855271,3.4266744,10.205352,6.0129404
0.82771015,8.613832,-2.4266245,5.78174,7.755294,8.041864,1.7272362,3.4806478,10.291647,5.509242
0.9613014,8.832936,-2.635754,5.136152,7.2104487,7.034621,1.893645,3.9958153,9.794048,5.370163
1.071113,8.5541935,-2.1063452,5.4559894,7.453384,7.4958377,2.2402873,3.6630914,9.9788685,5.855773
3.5611997,8.630333,-2.2068415,4.1684084,7.4775004,6.0399637,2.008037,4.157632,10.528684,5.6438913
4.0800343,8.69504,-2.2153766,4.049853,7.54762,5.7846565,2.013618,4.1763096,10.707195,5.7697906
1.1343852,8.565465,-2.4699576,5.5405235,7.0079727,7.6458645,1.3027136,3.580426,10.428837,5.2995014
1.4108378,8.903955,-2.761079,5.2397814,7.3207407,7.5102787,1.8093294,4.007344,10.160618,5.1205487
0.1859348,8.736828,-2.356585,5.581666,7.405914,7.365922,1.2969948,3.3376403,10.029768,5.385451
1.6702105,8.75064,-2.458852,5.046232,6.952298,7.245511,1.7887572,3.9716928,10.220399,5.206483
1.4957395,8.655084,-2.9316137,5.0794573,7.4581447,7.6435866,1.458823,3.9797158,10.458401,4.9067388
1.1016998,8.471958,-2.8686483,4.8702426,7.326836,7.1615505,1.4925622,3.9947324,10.231652,4.9285455
0.7588078,8.64552,-2.4077837,5.9682817,7.3995576,7.7492065,1.7776276,3.5691411,10.103943,5.918351
4.0054045,8.640232,-2.2536173,4.0668454,7.564699,5.83563,1.9869392,4.156741,10.68616,5.7110324
1.1058269,9.121715,-2.6333728,5.810281,7.625684,7.9608917,2.063146,3.8045623,10.062196,5.3819284
2.4731264,8.431301,-2.174654,4.3320923,7.1781144,6.5906262,2.1674037,4.271634,10.244048,5.596156
1.3979305,8.575246,-2.7527905,4.843149,7.2446156,7.2014637,1.559979,4.0239115,10.308743,4.9285164
1.0392779,8.499145,-2.892957,5.1120033,7.3672204,7.3179493,1.6597399,4.0093265,10.142383,5.196441
1.3786973,9.3867655,-2.3024752,5.4472957,7.812938,7.8253093,1.6746556,3.5396252,10.264579,5.127199
0.49743828,8.970461,-2.094509,6.2439604,7.658568,7.8420935,1.8958184,3.308509,10.10046,5.8621902
3.8359716,8.651551,-2.3006208,4.139634,7.531016,5.948358,1.9882607,4.159953,10.673726,5.6430616
2.2648482,8.437593,-2.4096408,4.5196404,7.2855268,6.904444,1.7986318,4.1521344,10.453639,5.303814
0.6777053,8.876024,-2.4581587,5.7939854,7.741614,7.9424825,1.7612596,3.4767866,10.153308,5.330947
1.2658153,9.086157,-2.8933403,5.490668,7.4946136,7.5876,1.8611948,4.049704,10.1296625,5.28079
1.0734046,8.580553,-2.6430213,5.4186735,7.8245068,7.87821,1.7760686,3.7183912,10.283407,5.307858
0.63243794,9.220575,-2.3323398,6.0122848,7.8626304,8.031015,1.6058388,3.285479,10.231005,5.379237
1.5936662,8.699249,-2.288782,4.888794,7.0281796,6.7227626,2.1993904,4.1490445,9.722197,5.8074965
2.1408105,8.622804,-1.9941435,4.4395323,7.1661425,6.4351554,2.1559541,4.192178,10.077672,5.791935
1.0518377,8.653581,-2.7969272,5.198604,7.429588,7.3177886,1.8891591,4.02705,10.017021,5.3085504
1.1697867,8.727507,-2.654665,5.555495,7.056278,7.7338843,1.4272279,3.7185647,10.3334675,5.1981287
1.6597931,8.488775,-2.8739514,4.7371306,7.160613,7.447994,1.5195447,4.1747513,10.307805,4.9766517
1.1752788,8.581415,-2.7063293,5.090123,6.9650044,7.4440727,1.5942594,3.9194064,10.128273,5.019774
0.8337061,8.814276,-2.360322,6.0055804,7.6242623,7.697996,1.6902202,3.5315745,10.220846,5.953656
0.89113235,9.227304,-2.0428436,5.7300467,7.637087,7.8780103,1.8610151,3.3274055,10.120558,5.315323
1.3708146,8.385378,-2.2934597,5.2234516,7.313518,7.4371457,1.3274426,3.580152,10.611088,5.3203955
0.74941194,9.086314,-2.4730468,6.059203,7.606288,7.924309,1.8727667,3.5531244,10.060637,5.6247187
0.45399022,8.6262865,-2.1857128,5.8885226,7.68815,7.837758,1.4640529,3.1892383,10.315249,5.535599
0.15257005,8.893616,-2.1266327,6.3070364,7.411982,7.6102223,1.5514876,3.167487,9.9879265,6.019588
1.3234884,9.431831,-2.6333356,5.686128,7.677306,7.889281,1.738758,3.7555408,10.274237,5.131558
1.092429,9.129847,-2.774569,5.5358725,8.015803,7.644227,1.1628541,3.5821319,10.654802,4.9386396
1.0697165,9.2255945,-2.531348,5.8979445,7.511545,8.05503,1.8942343,3.6610885,10.149531,5.3107767
1.1061285,8.519892,-2.3588266,5.5778666,7.311263,7.7879424,1.964299,3.7291493,10.132725,5.6634064
2.221409,8.73995,-2.0173755,4.4923368,7.2787504,6.6288557,1.8625857,4.130675,10.359043,5.6570787
1.6010852,8.594011,-2.6430156,4.950251,7.1781063,7.3142776,1.5581316,4.0468493,10.445348,5.1201353
3.7841005,8.663165,-2.194792,4.1474833,7.4819093,5.9268026,1.9859549,4.1251416,10.560145,5.69036
0.8295974,8.423452,-2.2517471,5.4749174,7.6398315,7.755552,1.9784,3.5639508,10.138103,5.541209
2.327801,8.584101,-2.1798463,4.486159,7.31779,6.729353,1.8895278,4.1403575,10.432462,5.5114536
0.2451939,8.570877,-2.246888,5.318607,7.326281,7.189021,1.1277828,3.2695606,10.129332,5.2338843
1.4726166,8.669349,-3.0132477,4.8183947,7.3816147,7.0637984,1.5739483,4.159838,10.299505,4.86482
0.97179997,9.117655,-2.7275367,5.561714,8.0734215,7.585973,1.0921565,3.4782002,10.622086,5.0186777
0.70202464,8.895885,-2.331051,6.06182,7.6300845,7.7322297,1.6439005,3.4378817,10.178131,5.8887258
1.3005024,9.449619,-2.5132604,5.9034495,7.592676,7.8287134,1.7696123,3.6312506,10.17988,5.489607
1.0900424,9.587351,-2.091645,5.196683,7.860327,7.1204515,1.3988019,3.4802601,10.135861,5.310807
1.5211153,8.560874,-2.6096451,4.5847178,7.386629,7.38712,1.6405454,3.9975517,10.226598,4.884016
1.0073724,8.530264,-2.7595358,5.1228905,7.5641775,7.3704133,1.6479727,3.9060864,10.209713,5.217468
1.4152272,8.510314,-2.5656068,5.21875,7.8782616,7.7191267,1.425312,3.623635,10.671537,5.090909
0.74182016,8.735665,-2.404717,5.5452814,7.826327,7.936488,1.5915775,3.4239376,10.310866,5.170927
0.40887523,8.467632,-2.2405753,5.314129,7.5237484,7.3513784,1.3312521,3.3455632,10.205651,5.289707
3.9109566,8.69475,-2.1852562,4.108821,7.5177174,5.8467426,2.0689406,4.2148495,10.648728,5.772882
1.5890002,8.544716,-2.3873653,4.8102617,7.5795865,7.72429,1.6791022,3.7979968,10.368142,5.0465717
1.1158701,9.242178,-2.0177524,4.717021,7.6808553,6.559724,1.5968587,3.8131409,10.074497,5.3755646
1.5476955,9.00113,-2.6100209,5.1575665,7.83737,7.6372933,1.7365419,3.8155801,10.349382,5.0468884
1.6494536,8.775874,-2.8422751,5.0979476,7.140414,7.5566034,1.5069269,4.051019,10.372929,5.01128
0.63561755,9.097571,-2.529882,5.5820785,7.8862634,7.47839,1.2225511,3.3830984,10.328062,5.1632514
1.2481792,9.447382,-2.3136687,5.67906,7.907834,7.909128,1.7480835,3.4614434,10.211254,5.2665563
0.37302002,8.397072,-2.2314918,5.423665,7.451106,7.4375978,1.3095967,3.2999015,10.237388,5.310566
2.0398479,8.390268,-2.602753,4.6496124,7.432005,7.122388,1.6019615,4.0271373,10.574173,5.05953
1.437039,8.504382,-2.9173894,4.7451077,7.3598814,7.296652,1.6195738,4.162853,10.258217,4.9561152
1.0108105,8.352734,-2.480029,4.8240113,7.2898474,7.0016766,1.5279539,3.8382883,10.174983,5.2317095
1.0564119,8.540537,-2.5168533,5.086628,7.333586,7.09486,1.9825586,3.9800231,9.927989,5.4979424
1.5532838,8.791269,-2.6633427,5.278794,7.9826775,7.569283,1.4768361,3.7630444,10.62121,5.250184
0.6582741,9.179198,-2.3365412,6.0251665,7.8676577,8.032667,1.6313212,3.3069837,10.229043,5.441945
1.107572,9.276215,-2.513343,5.736943,7.576044,8.041493,1.8915288,3.6598752,10.148282,5.1436787
1.0756321,8.395662,-2.8249397,5.1101155,7.7694983,7.282116,1.4558302,3.9192169,10.354331,5.40946
0.6573577,9.243191,-2.368446,5.9561777,7.730485,7.98672,1.5817125,3.347744,10.220676,5.3081613
0.44036123,8.43332,-1.8432488,5.334331,7.3933706,7.143388,2.0974488,3.4356968,9.813587,5.6565657
1.0400258,8.762834,-2.658737,5.4063373,8.023856,7.6200004,1.0143516,3.4460483,10.770766,4.9676757
0.27862185,8.923691,-2.2170372,6.302323,7.3789763,7.6702914,1.6438863,3.2830749,9.969693,6.0309367
0.9118553,8.416593,-2.333252,5.2873416,7.6892905,7.786456,1.5442003,3.4635484,10.38075,5.166625
1.5347843,8.625007,-2.6553767,5.176719,7.984913,7.668993,1.4556961,3.6909444,10.654149,5.0848017
2.2477329,8.454035,-2.1539693,4.4216228,7.2084727,6.496495,2.1886685,4.208682,10.1523075,5.645759
0.22498114,8.593377,-1.9159948,5.703829,7.582205,7.6210227,1.7132928,3.100857,9.997783,5.5472717
1.2767427,9.385156,-2.5887752,5.6404467,7.669296,7.9315596,1.8182757,3.7570343,10.215177,5.1077967
1.46526,8.472025,-2.8675797,4.730884,7.308543,7.007013,1.6173629,4.1180305,10.313736,4.9252973
0.43315515,8.323279,-2.1279964,5.530236,7.6116624,7.6364846,1.2846955,3.1499116,10.396391,5.358306
3.3438385,9.906827,-1.5089414,5.507611,6.3892417,5.761715,2.3062098,3.9175923,9.706031,7.5761313
1.5157932,8.64407,-2.7093697,4.809154,7.3199706,7.473571,1.7010458,4.0222845,10.195632,4.932526
1.1162996,9.132979,-2.609436,5.8719416,7.5435915,8.035327,2.0083263,3.7647336,10.105494,5.37256
3.42927,8.70198,-2.2202375,4.230136,7.493939,6.140447,1.9553647,4.1765976,10.576107,5.633772
0.07351988,8.466354,-2.254138,5.504145,7.361738,7.273797,1.6069353,3.393493,9.847854,5.51192
0.4679148,8.807714,-1.9798294,5.860165,7.6832867,7.828637,1.9243579,3.2117093,10.006239,5.614299
0.3275311,8.127708,-1.2960325,5.2690344,7.2383943,6.4903464,2.6823485,3.5598378,9.723882,6.0679235
1.3869272,9.08928,-1.9842997,4.560018,7.5379543,6.46899,1.6999708,3.941328,10.099431,5.450254
0.68844306,8.745776,-2.2742987,5.602479,7.7956157,7.9445643,1.8818076,3.4355288,10.13533,5.3350053
1.0337297,8.766222,-2.453772,5.0953107,7.243116,6.8458276,1.9620821,3.924575,9.75863,5.5634
0.2019871,8.542989,-2.3774562,5.4199934,7.1426606,7.319174,1.5366733,3.4528935,9.803125,5.339478
1.1519041,9.03902,-2.5460565,5.6481457,7.7136188,7.9711876,1.9435121,3.7302942,10.200944,5.2795014
0.9714409,8.620375,-2.57196,5.426795,7.8964906,7.8137155,1.5725745,3.5855126,10.430166,5.170217
0.51321495,9.140002,-2.1293807,6.3166604,7.761701,7.955879,1.8691636,3.268825,10.12884,5.7860904
0.4640934,8.356663,-2.1822605,5.7186513,7.6440206,7.800552,1.486487,3.2188752,10.321714,5.515202
1.7644202,8.624823,-2.277326,4.837429,7.232428,7.19998,2.2382092,4.125361,9.985966,5.532736
0.47506896,8.531219,-2.276931,5.2170334,7.078337,6.8790336,1.0125465,3.3273256,10.125306,5.328013
1.8125075,8.292834,-2.6207702,4.6901393,7.419094,7.1029906,1.5545965,3.9806845,10.542984,5.04896
3.9712913,8.640057,-2.2336378,4.0857587,7.6056657,5.8674865,2.12361,4.2892056,10.744123,5.727975
1.3124899,8.686825,-2.2248015,4.7319,7.1976233,6.538093,2.1027682,4.0949607,9.804059,5.597769
1.0859305,8.221155,-2.6495347,4.98759,7.3269014,7.266809,1.6930642,3.9357986,10.201983,5.3286214
3.312025,9.952717,-1.2703757,6.0348134,6.3670826,5.9377427,2.3803537,3.5923426,9.564704,7.8395214
1.0357866,8.3730135,-1.9875795,5.2146783,7.4546547,7.30701,2.2885723,3.7077773,10.020229,5.674288
1.3945576,8.52628,-2.7026887,5.1601915,7.312244,7.689779,1.603978,3.883321,10.385547,5.0423408
1.5382516,8.352199,-2.870629,4.5639706,7.266184,7.229221,1.6201258,4.164815,10.322286,4.8819575
0.9782774,9.285376,-2.3077192,5.786105,7.8956456,8.044517,1.7633089,3.397336,10.228757,5.258495
3.279743,9.177855,-1.5048474,4.780596,6.3948326,5.4213276,2.441976,4.289711,9.935775,7.288236
1.5864995,8.427798,-2.6397018,4.949837,7.6782784,7.5508823,1.4421357,3.7858756,10.620653,4.9711685
1.0430295,8.730802,-2.5634048,5.5685678,7.7493267,7.927954,1.5317829,3.563656,10.445074,5.191976
1.3347715,8.565649,-2.801527,4.7468557,7.2582116,7.1451626,1.7897733,4.17801,10.083241,5.0537453
0.30968726,8.377717,-2.0409822,5.5421424,7.5597053,7.5806713,1.43817,3.1275768,10.208192,5.418346
0.13789894,8.693665,-1.9601364,5.7018814,7.4637604,7.496503,1.6145055,3.0985649,9.912124,5.543536
0.41333136,8.3343115,-2.0789511,5.647976,7.6210847,7.7212877,1.5255698,3.1711366,10.266086,5.513835
0.45757508,8.447856,-2.351132,5.1863956,7.060216,6.9998145,1.1394384,3.4219599,10.102874,5.229363
1.5918885,8.453644,-2.623964,5.076744,7.6796503,7.614711,1.4946886,3.724427,10.680917,4.998375
0.5520434,8.392506,-1.746897,5.3660693,7.383681,7.1982036,2.3073177,3.5020478,9.834382,5.7322607
1.2105682,9.390966,-2.5027716,5.6227584,7.814536,7.9223175,1.7284182,3.6226318,10.265437,5.1108475
1.3296833,9.111742,-2.8876102,5.4216943,7.6080832,7.520567,1.9572055,4.1191573,10.136849,5.298759
1.7490593,8.564219,-2.5402484,5.071524,7.91662,7.5916424,1.4021314,3.665769,10.772289,5.0755606
0.36269453,9.0278845,-2.2097566,5.9134307,7.7064605,7.849218,1.7148371,3.229852,9.999792,5.45224
1.2269794,8.800651,-2.506095,5.5858774,7.97796,8.00154,1.7033331,3.5477548,10.442333,5.2880754
0.3895299,8.188662,-2.1009903,5.2115436,7.134032,6.717113,1.2589281,3.3336725,10.101819,5.5762773
3.9377391,8.653902,-2.2519834,4.1131005,7.5860243,5.891469,2.0429373,4.2367363,10.705386,5.6950593
1.5763327,8.774369,-2.580613,5.244945,7.9849114,7.8182664,1.6312631,3.6915767,10.542062,5.150736
0.8759741,9.182713,-2.4575937,5.9684553,7.6384773,8.074406,1.9120357,3.6138926,10.11645,5.3960757
1.0596154,8.924532,-2.690148,5.501269,8.039789,7.6795,1.15035,3.5028017,10.6799345,5.02548
0.9173885,8.863357,-2.4798622,5.9189653,7.561369,7.6893134,1.9421906,3.696,10.05925,5.8326154
0.5610557,8.62631,-2.5728836,5.7153406,7.685784,7.729327,1.7101464,3.5662434,10.190028,5.318048
1.4564803,8.439985,-2.4948301,4.893268,7.282785,7.373301,1.7619628,3.8726146,10.194875,5.123679
1.0869657,8.945408,-2.5440056,5.527291,7.3075867,7.9863043,1.917794,3.7388947,10.096193,5.0702577
0.1870941,8.864669,-2.2834513,6.173562,7.293416,7.55211,1.5690416,3.315332,9.917122,5.9343886
1.0525589,9.069495,-2.8297484,5.4393997,7.9942827,7.486309,1.0780286,3.6029885,10.611242,4.938985
0.26784077,8.869539,-2.3504505,5.949127,7.2130566,7.4012113,1.6133287,3.4447122,9.844126,5.810297
1.003173,8.999567,-1.9461513,4.7386036,7.5437164,6.4959173,1.8052523,3.826514,9.9577,5.486997
3.8070683,9.0223465,-1.8337494,4.060363,7.381255,5.5294843,2.117233,4.235508,10.32031,6.1886353
0.61572707,9.034676,-2.3042095,5.9746237,7.8397107,7.997219,1.6400493,3.3040226,10.234821,5.4543705
1.3717965,9.16344,-2.6175694,5.556483,7.5990057,7.9468813,1.9054247,3.8112636,10.23434,5.124882
0.6790056,8.55323,-2.2750351,5.712369,7.645287,7.929791,1.668696,3.3710227,10.239055,5.4884844
3.4142153,9.978034,-1.2955793,6.0347457,6.2805014,5.875901,2.3711596,3.6530168,9.576759,7.870589
0.39942202,8.538946,-2.2138374,5.318662,7.092446,6.851518,1.1051056,3.297613,10.041463,5.480282
0.9990256,9.204042,-2.3580978,5.7901783,7.814208,8.063063,1.9113078,3.5171268,10.170366,5.2995086
2.5505192,9.227484,-1.2108123,5.2678432,7.0145597,6.175562,2.5026026,3.5908432,9.497854,7.001295
1.6030258,8.44772,-2.5708382,4.7460866,7.1609364,7.229367,1.7762058,4.049625,10.049196,5.3127947
0.10372241,8.747671,-2.1816308,5.392351,7.2456055,6.937921,1.4795585,3.3896134,9.797453,5.460212
0.22811756,8.931373,-2.1087794,6.351583,7.57047,7.806121,1.6852349,3.159838,10.041616,5.9427757
0.8337511,9.109618,-2.4370446,6.041825,7.650036,8.008441,1.9272625,3.557079,10.103155,5.5562263
2.3571696,9.086952,-1.2562515,5.2007174,6.916485,6.1615033,2.4259596,3.7048438,9.530926,6.9538884
1.1636975,9.50454,-2.2129085,5.307938,7.9166,7.3812656,1.5167909,3.5336041,10.214607,5.244564
0.70710355,8.235375,-2.2442687,5.432322,7.685275,7.7342453,1.5007344,3.34932,10.408554,5.360816
-0.024689188,8.501956,-2.1591525,5.4435983,7.2294374,7.1329412,1.4432068,3.2406502,9.798664,5.459235
0.15801565,8.842883,-2.2063937,6.184445,7.345841,7.6034846,1.5696687,3.2346933,9.938175,5.9200754
0.5808106,8.78533,-2.2795603,5.9632945,7.753538,7.978014,1.5991474,3.280689,10.257713,5.580975
0.767552,8.963551,-2.303227,6.0953984,7.670446,7.770732,1.5184629,3.365224,10.248461,5.9230814
1.4465481,8.625757,-2.4480574,5.215119,7.3689885,7.565667,2.137892,3.9705644,10.078197,5.4781866
0.45835415,8.113631,-1.1798885,5.1692767,7.2314425,6.4145913,2.8696594,3.6381514,9.717419,6.1057467
0.4647059,8.283835,-1.5191364,5.325834,7.2722197,6.6812034,2.4315684,3.545987,9.777021,5.9933743
1.6936134,8.572945,-2.4786832,4.4988813,7.390341,6.8917904,1.8631521,4.148035,10.243083,5.141503
1.3315697,8.533511,-2.358733,4.9886694,7.3196044,7.5145063,1.5255818,3.6979964,10.335488,5.096097
0.93080854,9.142736,-2.5409405,5.9818187,7.625103,8.016693,1.9875331,3.6655192,10.0837555,5.466747
2.3843086,8.461153,-2.2797277,4.4159274,7.3456597,6.67597,2.018352,4.1746416,10.374029,5.445082
0.123538546,8.807717,-2.1314287,6.2676587,7.4789515,7.708244,1.5924579,3.1455765,10.000374,5.9466763
0.8523702,8.312341,-2.7266893,5.141606,7.675477,7.34085,1.5663573,3.821781,10.247132,5.343014
0.33753258,8.051923,-1.2054394,5.2843966,7.241052,6.467246,2.807692,3.5968947,9.681942,6.1070743
0.7076929,8.917472,-2.1350536,4.9357514,7.430159,6.624137,1.5786114,3.6988227,9.925556,5.444488
0.71751684,8.583878,-2.8664892,5.230407,7.5247936,7.2907968,1.6329278,3.871785,10.116969,5.035499
3.800166,8.658223,-2.2202349,4.1215105,7.5521235,5.920792,2.0337703,4.176866,10.622047,5.6891623
1.1390768,8.995379,-2.8621175,5.557098,7.5025296,7.5781593,1.9023234,3.9984837,10.056854,5.3896933
1.0423653,8.389421,-2.510925,4.85462,7.233904,7.1846166,1.3704623,3.7335422,10.254155,5.0202436
1.3688344,8.509709,-2.4200883,5.219116,6.976306,7.393553,1.3901585,3.7327647,10.445106,5.2409678
0.19295439,8.656486,-2.2533517,5.307399,7.274261,7.0106416,1.1383948,3.3054857,10.030656,5.294038
1.2642707,8.954045,-2.6350348,5.544636,7.6282177,7.8283076,1.9885867,3.8541555,10.152915,5.3363442
1.5258627,8.9113655,-2.4639988,5.169386,7.767106,7.4913673,1.5342402,3.8613477,10.521316,5.3387184
0.47782475,8.529858,-2.3687828,5.1933317,7.14756,7.0665183,1.1403124,3.4247038,10.119714,5.190035
1.3700716,9.369366,-2.4569259,5.410051,7.927014,7.731419,1.6253589,3.6179252,10.324633,5.082285
0.40780863,8.090067,-1.1644169,5.200395,7.233444,6.4076304,2.885368,3.6211553,9.712747,6.1257763
1.4994682,8.683128,-2.746323,4.924258,7.30968,7.274602,1.7130594,4.0430274,10.24701,4.993776
1.1700436,8.916732,-2.755919,5.3629985,8.055824,7.571961,1.0571774,3.5502818,10.746159,4.9236827
1.9828727,8.327336,-2.378258,4.4410753,7.328175,6.6466966,2.167336,4.2080464,10.19204,5.4107347
0.3655248,8.615618,-2.3828564,5.1215935,7.287907,6.952684,1.3999834,3.5356956,9.923852,5.2310877
1.273228,8.571979,-2.3663955,5.0325494,7.4690776,7.5513344,1.4042233,3.6062992,10.42257,5.041668
2.0709798,8.389717,-2.3370585,4.466427,7.267661,6.6673303,2.128002,4.1929708,10.186755,5.449184
1.3130679,8.622767,-2.6298728,5.352475,7.7784553,7.8502426,1.8271096,3.7787156,10.331609,5.297654
1.3276678,9.046075,-2.896995,5.46616,7.6116166,7.562575,2.0036974,4.13879,10.154847,5.3532367
-0.08692867,8.636228,-2.1840427,5.9148026,7.236308,7.357031,1.4629147,3.1928241,9.821048,5.778871
1.3190787,8.567653,-2.4998047,5.195519,6.919041,7.340065,1.4274917,3.7878692,10.365767,5.163483
1.0358647,8.391019,-2.1417606,5.348366,7.5199804,7.516357,2.1722572,3.675316,10.067112,5.7081738
0.716416,8.231033,-2.2009888,5.5945816,7.584534,7.7504516,1.4888008,3.310442,10.414525,5.5404673
0.07664289,8.439272,-2.2574205,5.584643,7.39112,7.4698095,1.6333871,3.3390267,9.891934,5.4722204
1.3020289,8.721303,-2.3679383,4.948381,7.137333,6.7771683,2.113705,4.086723,9.745604,5.6523223
2.204832,8.838181,-2.0173953,4.632682,7.3537455,6.802665,1.6511043,4.0531187,10.536323,5.6564493
1.4309952,9.030357,-2.486161,5.432075,7.6760244,7.8483267,1.9914622,3.814976,10.220925,5.2608733
1.7320032,8.633776,-2.4206626,4.861916,7.340313,7.4776263,2.021561,4.0336676,10.150457,5.256696
1.6004157,8.668982,-2.689929,4.853545,7.5228047,7.497235,1.7243075,4.0229006,10.340383,4.988851
0.8451427,9.290621,-2.4450443,5.955534,7.759527,8.084536,1.696764,3.4399827,10.239507,5.251868
1.0919275,9.25684,-2.053298,4.7495737,7.7072296,6.614595,1.6024654,3.8111129,10.07862,5.3419714
0.6831667,8.647806,-2.448201,5.013006,7.229371,6.999907,1.0909464,3.5239303,10.172236,5.037744
1.395564,8.688068,-2.971751,4.927925,7.3659062,7.20041,1.7150406,4.1961575,10.21008,5.019848
1.8835605,8.499314,-2.0985224,4.761204,7.090857,6.963555,2.3215454,4.120276,9.911444,5.740135
0.33847854,8.686592,-2.3566675,5.188736,7.1982303,6.924118,1.5391653,3.5777254,9.781475,5.337529
3.6824918,8.843274,-1.9494044,4.098101,7.4669814,5.7294126,2.064992,4.1835957,10.478267,6.0500517
0.338092,8.284992,-2.183665,5.228,7.182215,6.8368816,1.2493558,3.3451629,10.074265,5.471314
1.1813924,8.958261,-2.567709,5.487478,7.4096375,7.996784,1.9406824,3.7692842,10.134813,5.070474
0.05145689,8.573769,-2.163524,5.3011575,7.225815,6.990488,1.4835759,3.3168201,9.753296,5.4100904
0.025750082,8.489337,-2.1662073,5.4958196,7.1214156,7.013689,1.6047815,3.3832636,9.725544,5.6197696
0.2541904,8.911429,-2.3377635,6.144581,7.254105,7.5543814,1.614066,3.38366,9.8875675,5.9078355
1.5679022,8.636669,-2.7291381,4.809668,7.4357843,7.2579665,1.6557995,4.078704,10.3675375,5.010829
0.54255193,8.583981,-2.614241,5.3294415,7.1232,7.463002,1.6476341,3.7023294,9.887109,5.189867
0.66419315,8.181291,-2.3146877,5.573692,7.659893,7.74181,1.4349608,3.3442085,10.450466,5.463312
0.5886611,8.179035,-2.3433106,5.3666716,7.5033197,7.3090014,1.3723184,3.4153464,10.285049,5.488311
1.9283754,8.652381,-2.091452,4.7192087,7.1993527,6.9957466,2.2460244,4.1229243,9.990731,5.6565375
1.1247839,9.412122,-2.4280152,5.796375,7.810528,7.967195,1.8141346,3.5607097,10.211389,5.2961273
0.4657486,8.133437,-1.1868625,5.171374,7.2462487,6.388158,2.8751764,3.6456103,9.746175,6.1236873
0.26028284,8.120538,-1.6310843,5.343033,7.242624,6.5861893,2.0787783,3.4229102,9.827871,5.9622903
1.6052049,8.604819,-2.5435815,4.942936,7.2353306,7.377849,1.8311625,3.9766726,10.175768,5.1893334
0.9035757,9.256163,-2.3863924,5.8726063,7.818261,8.090125,1.8087702,3.4335277,10.216361,5.28155
1.5441495,8.675771,-2.9777918,4.8616204,7.46673,7.2095237,1.4866536,4.095858,10.401818,4.8528914
1.0453676,9.012802,-1.9167536,4.706537,7.5419793,6.4548397,1.8221098,3.8408682,9.962787,5.503248
0.47264713,9.047533,-2.126302,6.306688,7.7040186,7.9208074,1.8343172,3.2565114,10.11618,5.848579
1.282914,8.525857,-2.4129333,5.276213,7.2590575,7.616518,1.9747808,3.9102266,10.181032,5.4370446
0.7910573,8.593123,-2.546597,5.1587787,7.097541,7.4000297,1.5443437,3.6920254,9.952875,5.129281
-0.059638325,8.674217,-2.1615815,5.9221272,7.258058,7.3658223,1.4979576,3.193927,9.81752,5.785473
1.89928,8.547669,-2.2228606,4.755203,7.103765,6.9575243,2.2783859,4.177953,9.919976,5.692154
0.35931566,8.406524,-2.2262807,5.226649,7.2386675,6.8973155,1.477926,3.5210042,10.007853,5.4194326
3.7554774,8.639619,-2.2601712,4.149584,7.5374494,5.98938,1.9972327,4.165975,10.613568,5.644858
1.047217,9.078767,-2.777336,5.5295644,8.032573,7.5790095,1.0918251,3.5416157,10.668302,4.975268
1.858047,8.502974,-1.8387138,4.5455623,7.1536436,6.29414,2.2990196,4.091932,10.00877,5.8939395
0.88173735,9.013691,-2.5122242,5.8100076,7.6477056,7.869039,2.0015998,3.679646,10.044344,5.4561687
1.1274878,8.66174,-2.4591954,5.1279473,7.4791913,7.6210146,1.6652578,3.7209713,10.242534,5.0800314
0.70577675,8.775047,-2.334802,5.7178154,7.6530924,7.7871222,1.354069,3.3032248,10.382674,5.3294454
1.8862969,8.288295,-2.5025141,4.5761323,7.4139504,6.7882175,2.0735285,4.1180286,10.27506,5.2848144
0.71217763,8.495666,-2.3184834,5.4546385,7.7057962,7.78521,1.5420943,3.403164,10.319812,5.263693
1.019457,8.500942,-2.2083776,5.2662888,7.228728,7.4648685,2.1577435,3.7996674,9.943325,5.515774
1.2033553,9.068502,-2.0510674,4.628222,7.542135,6.5166225,1.6394588,3.874637,10.061376,5.384075
1.4569947,8.5958395,-2.9318433,4.813766,7.357978,7.1521144,1.5593418,4.1233306,10.338736,4.882394
1.1151543,8.4506645,-2.634837,5.172618,7.661921,7.4545345,1.4439571,3.7210324,10.451423,5.201
0.12571979,8.853081,-2.165071,6.2894654,7.3870454,7.6266637,1.5616561,3.1842346,9.954657,6.009423
1.1747301,8.992089,-2.727748,5.0866494,7.435399,7.1817126,1.8386214,4.037851,10.000246,5.1612806
0.5607611,8.772959,-2.2690074,5.0912232,7.313074,6.8338327,1.5904698,3.6640587,9.882985,5.3957453
1.5044775,8.706664,-2.7303944,4.8760753,7.5064654,7.553113,1.719091,3.9980118,10.272606,4.9012017
1.7011832,8.622948,-2.516368,4.936023,7.19253,7.201062,2.0531466,4.118912,9.986764,5.4757476
0.8094754,8.365899,-2.293322,5.4952664,7.6774755,7.633727,1.9093065,3.5521166,10.150626,5.65387
0.39358568,8.367483,-2.1522202,5.582604,7.5934234,7.6247506,1.3706464,3.1948574,10.307378,5.4202933
4.0731053,8.760945,-2.165479,4.034761,7.487306,5.723299,2.0345998,4.1845913,10.652657,5.847254
0.91716707,9.326037,-2.4330535,5.9359794,7.780153,8.076932,1.6688547,3.4257886,10.271066,5.2424355
1.8530743,8.486853,-2.098759,4.775561,7.1053605,7.028172,2.3167677,4.0945754,9.918736,5.703389
1.1956418,9.172632,-2.0236602,4.6576405,7.6414237,6.5462117,1.631088,3.8580253,10.088609,5.3645086
0.46121567,8.883695,-2.01212,5.8256445,7.7568846,7.8517156,1.863634,3.2046864,10.071942,5.450959
1.090333,8.885265,-2.7013795,5.4236703,8.022812,7.6031356,1.044283,3.49638,10.744588,4.958598
2.5292888,8.553041,-2.0974097,4.341153,7.278679,6.3644495,2.0968404,4.2143335,10.298048,5.741249
0.6698771,8.837846,-2.4134576,5.645364,7.7989135,7.7599034,1.504174,3.411879,10.278417,5.3114624
0.51312935,9.024105,-2.1639917,6.275119,7.6665735,7.9417124,1.7760348,3.2767587,10.148134,5.8688803
1.8509457,8.407279,-2.5284414,4.6388807,7.1518364,6.862414,1.990469,4.198702,10.116261,5.3858647
2.01891,8.541644,-2.4523816,4.9581494,7.8958244,7.406707,1.3874714,3.6828127,10.84688,5.1499987
1.3804544,8.98943,-2.4241517,5.3056235,7.722639,7.5834465,1.607048,3.8118017,10.46615,5.313815
0.84807295,8.039777,-2.2699885,5.216456,7.450299,7.325703,1.4149088,3.469038,10.424495,5.4011483
0.36057994,8.592117,-2.4647522,5.1000032,7.2726707,6.9297447,1.4217246,3.600644,9.908581,5.187513
1.146183,9.187464,-1.9874054,4.6616726,7.637247,6.498944,1.6402917,3.8429685,10.055938,5.4019055
1.0566071,8.804777,-2.3576508,4.984371,7.201454,6.7423587,1.9927673,3.9971259,9.744148,5.573135
2.0347497,8.757699,-2.1646535,4.697046,7.287805,6.926966,1.6175162,4.0192285,10.49558,5.486022
1.2116425,9.462673,-2.4730573,5.604193,7.801153,7.8842835,1.7433374,3.643467,10.241926,5.0936155
0.5992751,8.415824,-2.3809996,5.579959,7.749925,7.778611,1.5413649,3.4020038,10.342156,5.3474116
0.649067,8.45404,-2.4041455,5.4243927,7.663398,7.5241227,1.6987588,3.5555325,10.141153,5.476937
1.2460377,9.144853,-2.829397,5.5270925,7.616347,7.5808187,1.8721501,4.0059524,10.156964,5.316936
0.9491931,8.797136,-2.496544,5.5362434,7.9517627,7.8297243,1.3982406,3.4440851,10.509523,5.160942
0.50039446,8.993468,-2.2804284,6.078532,7.6922903,7.9393244,1.6490866,3.2857833,10.152523,5.60238
1.1867701,8.4012375,-2.7562542,5.1744413,7.7172217,7.3324137,1.4871442,3.9132807,10.364883,5.525905
1.2739906,9.351769,-2.4323661,5.4836435,7.880747,7.758962,1.6172028,3.5700111,10.29208,5.123667
0.044465106,8.503846,-2.2611406,5.486811,7.227302,7.2104096,1.536717,3.3598745,9.792156,5.4787216
1.881816,8.699402,-2.225975,4.826968,7.2309546,7.1892056,2.209664,4.1168375,10.011017,5.5634956
0.9034327,8.116363,-2.3121364,5.1948414,7.508945,7.448177,1.4276359,3.4800324,10.438631,5.2870617
0.2810735,8.093374,-1.6425464,5.3124666,7.225452,6.5613246,2.0396168,3.4191165,9.848345,5.948968
1.7835784,8.534951,-2.6510653,4.6738205,7.5203114,7.537747,1.6163183,3.9955683,10.428938,4.9067717
0.15635903,8.572541,-2.1435757,5.2619386,7.218433,6.985688,1.629787,3.4051378,9.725436,5.4373784
0.8294717,8.754182,-2.1960638,5.4093065,7.3677835,7.535199,1.6600616,3.4278903,10.032233,5.429711
0.11156731,8.723003,-2.2005763,5.571187,7.183424,7.051371,1.535853,3.3874226,9.76324,5.6286774
1.4370816,8.82031,-2.2235963,4.5406666,7.4583874,6.6702476,1.7434247,4.010618,10.150039,5.2836976
2.1906414,8.836137,-2.0666409,4.6478376,7.289224,6.823504,1.7800733,4.0826497,10.395865,5.643445
1.7160982,8.633765,-2.6365163,4.653896,7.474591,7.4322085,1.6832172,4.0446186,10.32966,4.9378953
0.7898714,8.374822,-2.3199983,5.685795,7.656882,7.779711,1.6228343,3.4328043,10.346302,5.634076
1.0256562,8.749882,-2.5953486,5.6392226,7.5003705,7.90342,1.6002804,3.632015,10.319845,5.2618294
1.2325065,8.42462,-2.9075332,4.8630223,7.260666,7.252413,1.6341745,4.108839,10.190176,5.0289187
1.2415411,8.90475,-2.5893972,5.327001,7.626472,7.849895,1.8658537,3.8111615,10.222028,5.081859
0.9981629,8.58915,-2.498233,5.599323,7.863795,8.00624,1.7789285,3.5725214,10.312352,5.431858
0.26216134,8.600194,-2.1034155,6.040554,7.5269203,7.6554213,1.5400413,3.1532829,10.111874,5.856284
0.45743933,8.22063,-1.4232357,5.2080474,7.2246575,6.4901214,2.603087,3.635951,9.712006,6.0238733
1.350971,9.402511,-2.3964097,5.537418,7.9037375,7.7794356,1.6617938,3.5448787,10.275356,5.1938443
0.9648394,8.475755,-2.1097069,5.115251,7.2084265,7.140223,2.2128088,3.833235,9.85411,5.57132
1.9922847,8.376166,-2.066983,4.485717,7.2016187,6.4944835,2.2303736,4.123164,10.123468,5.6773596
0.37065586,8.079722,-1.1350881,5.232013,7.218665,6.402666,2.8804243,3.6008053,9.710961,6.156735
4.0301037,8.71824,-2.1951265,4.0525784,7.500929,5.78282,2.0071864,4.1471786,10.669134,5.798091
0.2744594,8.389274,-2.0818708,5.4418254,7.4432364,7.394676,1.4036871,3.1950867,10.1230955,5.409057
0.15923311,8.600672,-2.0575302,5.704381,7.5168366,7.6144123,1.7457359,3.2039158,9.906922,5.5371594
1.5755842,8.366416,-2.8922088,4.581885,7.2679853,7.25542,1.6154344,4.1457705,10.3451605,4.8681355
2.5409122,8.467685,-2.1931968,4.322223,7.215309,6.578849,2.0834236,4.261969,10.3226185,5.5612607
3.4681637,8.688682,-2.1530268,4.208127,7.4231596,6.0295863,2.0457256,4.189492,10.453717,5.731163
1.0586419,9.217274,-1.9896284,4.736553,7.6849103,6.5485168,1.635935,3.7982414,10.049386,5.3883986
0.9262271,8.3596325,-2.7536695,5.100175,7.6464663,7.3417516,1.5452495,3.8564851,10.265744,5.2831635
3.842239,8.693315,-2.137771,4.0962214,7.548852,5.8562446,2.019936,4.1558466,10.600511,5.765099
1.1506972,8.486813,-2.8983583,4.9748645,7.3089466,7.26365,1.6638919,4.070054,10.164668,5.076363
0.9948221,8.616109,-2.4834952,5.198105,7.4768076,7.481968,1.557406,3.6912177,10.259407,5.189102
0.29338202,8.410299,-2.3067582,5.307919,7.4296613,7.036604,1.4148701,3.4433813,10.044051,5.4560575
1.2850553,8.5638485,-2.6858027,5.265319,7.1922417,7.7245684,1.6339803,3.865901,10.298855,5.0926013
1.2879514,9.062867,-2.0572412,4.6066422,7.573271,6.5250864,1.6563927,3.9012988,10.104003,5.372866
1.2110724,8.749333,-2.3058026,4.9395094,7.208201,6.6902666,2.1111417,4.051871,9.765969,5.6406136
1.399382,9.358172,-2.4534228,5.4494095,7.873381,7.778798,1.6565,3.6172156,10.310065,5.0976973
0.697604,8.493935,-2.4513307,5.404059,7.711215,7.6602893,1.3284477,3.4052346,10.393038,5.17679
1.5481268,8.4376955,-2.5620394,5.084708,7.7696714,7.606262,1.4377992,3.689208,10.661636,5.0652456
3.9067922,8.643139,-2.2636607,4.09807,7.57228,5.9082847,2.0073159,4.188953,10.683584,5.6751766
1.0724672,8.577848,-2.4467955,4.7383027,7.288013,6.852374,1.4313134,3.8362763,10.171898,5.134241
1.4082135,8.525121,-2.4805746,5.315952,7.394748,7.647747,2.0348146,3.8988829,10.124049,5.550433
0.14340022,8.571735,-2.239544,5.2584453,7.20927,6.9679027,1.6028379,3.4584634,9.720157,5.4152822
1.689417,8.576387,-2.5958145,4.9603868,7.145792,7.2978783,1.8294203,4.0270267,10.099334,5.37663
3.2991734,9.937155,-1.5248526,5.7694983,6.391993,5.9478064,2.3320596,3.8006096,9.673614,7.564165
1.3858697,8.958192,-2.6194434,5.279843,7.4859967,7.5275755,2.015045,4.0093055,10.07539,5.3270826
0.39224377,8.747224,-2.3371801,5.61849,7.2904906,7.268288,1.2916771,3.4124243,10.093884,5.495374
1.6228836,8.81001,-2.5190852,5.1491346,7.414357,7.624079,2.0622425,3.9909606,10.131745,5.2768083
1.6890754,8.672829,-2.8497915,4.8069677,7.3322916,7.240176,1.5533137,4.1584916,10.446567,4.9247575
1.1896418,9.328052,-2.5847754,5.7158976,7.6499343,7.96116,1.7667738,3.6896372,10.246746,5.1453376
0.48583645,8.548738,-2.1235409,5.1181016,7.2719574,6.856833,1.9293538,3.657,9.752626,5.5271654
2.203481,8.838656,-2.0469887,4.648816,7.3412833,6.831105,1.6942178,4.0647445,10.49792,5.6490483
0.6563312,8.577956,-2.4928463,5.037825,7.042856,7.146233,1.3764633,3.6395912,9.924612,5.110834
2.4421282,9.151361,-1.2350502,5.2392473,6.9180164,6.129168,2.4576857,3.6758838,9.506046,7.0050945
0.49846286,9.035407,-2.2289336,6.0166893,7.7807717,7.9499173,1.6233311,3.2262988,10.17531,5.51727
0.6874113,9.221156,-2.3120575,6.062329,7.898695,8.0643,1.726829,3.3114042,10.199608,5.47554
1.1153625,9.170348,-2.4593189,5.872815,7.6424923,7.92691,2.0346313,3.6755679,10.123899,5.4530106
0.40539545,8.638293,-2.5083206,5.1019893,7.3162303,6.971443,1.4432319,3.632989,9.919044,5.1693826
1.9794674,8.389691,-2.3227742,4.6008954,7.4225307,6.8320723,2.1581972,4.075995,10.228149,5.4072175
1.3898404,8.539244,-2.5146103,5.323265,7.8479443,7.690734,1.5053681,3.6485555,10.570409,5.2382293
0.2754608,8.640209,-2.2624545,5.26062,7.2878976,7.008247,1.4085926,3.4441366,9.920594,5.3468456
0.727305,8.523286,-1.8407687,5.040147,7.2562175,6.648132,2.2371886,3.7312143,9.729342,5.7621126
1.7903827,8.5422325,-2.3830514,4.7770553,7.108982,6.9249363,2.1613262,4.184665,9.916829,5.6165223
1.1231587,8.638005,-2.5585816,5.5564337,6.9570208,7.6586003,1.3169597,3.6333945,10.368704,5.2520614
0.7423573,8.12808,-2.3759015,5.4552574,7.5987844,7.5484204,1.431173,3.4425204,10.413416,5.509926
1.715559,8.621287,-2.3225722,4.9169154,7.262739,7.392154,2.1855223,4.0733523,10.058413,5.4852242
1.198556,8.623482,-2.9071538,5.016326,7.3650784,7.2030845,1.8100716,4.1396074,10.081604,5.1523786
0.5700222,8.31211,-2.3593497,5.6033235,7.697938,7.7720914,1.4819883,3.3628893,10.381328,5.3805237
3.9246206,8.819288,-2.1071467,4.067062,7.418469,5.698141,2.0469768,4.18522,10.542121,5.9276824
1.1849704,8.776911,-2.6218553,5.377997,7.8561635,7.7506843,1.4254588,3.623021,10.529996,5.1026044
0.71231335,9.147891,-2.2687438,6.0655317,7.7844257,7.972839,1.7606449,3.3387957,10.147773,5.61031
0.3705017,8.168831,-2.0796108,5.2231526,7.181062,6.7592626,1.387402,3.3745887,10.080492,5.5753965
1.3458662,8.708797,-2.1293607,4.7145457,7.1902914,6.438847,2.117054,4.073757,9.796926,5.6843066
1.5395701,8.915847,-2.5277603,5.391519,8.056885,7.890226,1.6720396,3.6225533,10.492938,5.240114
2.2049732,8.625077,-2.2758436,4.5993686,7.2375746,6.911234,1.8527782,4.1207013,10.362234,5.425115
1.8827686,8.338202,-2.6449661,4.6956515,7.4438224,7.181922,1.5456332,3.9916599,10.577116,5.0152345
4.047078,8.707944,-2.1981416,4.085238,7.5302734,5.790654,2.042074,4.19241,10.677737,5.7887073
1.1102287,9.102493,-2.8146436,5.4903708,7.948573,7.5747585,1.1956599,3.6437747,10.631459,4.924422
3.766316,8.645885,-2.316066,4.1815243,7.5452995,6.003184,1.9867964,4.149104,10.655138,5.619436
2.2553163,8.787244,-2.0010338,4.543183,7.3059144,6.688411,1.7694955,4.1035757,10.450294,5.6787424
0.69592124,8.750891,-2.4498909,5.057526,7.267911,6.9517236,1.1838231,3.5667148,10.117482,5.1037674
0.14344221,8.624227,-1.8805983,5.6684427,7.4938264,7.4668517,1.6991935,3.0954802,9.910716,5.5699964
0.080799624,8.756561,-2.2074764,6.15081,7.3331313,7.5480494,1.521293,3.2168787,9.931716,5.920891
0.055319898,8.506618,-2.1735702,5.288152,7.2184577,7.0388317,1.4094969,3.2721899,9.814036,5.36301
0.08842848,8.861196,-2.2134688,5.3561954,7.3161526,6.9759426,1.1820801,3.2839632,9.92674,5.314845
1.9234434,8.839056,-1.9816153,4.5176864,7.3447995,6.584522,1.8396257,4.069916,10.248682,5.607594
0.78438944,8.683445,-2.547485,5.5231586,7.8269877,7.3583794,1.3158054,3.5904193,10.390331,5.574725
1.1203074,9.17085,-2.1815221,4.8151956,7.6847696,6.771282,1.5829897,3.8279872,10.136052,5.2909985
1.9066103,8.750417,-1.5356609,4.9064894,7.103043,6.2855916,2.2739372,3.8108788,9.794335,6.4816065
0.94416344,8.18304,-2.511647,5.1965256,7.442899,7.4055033,1.6521516,3.730957,10.244301,5.45088
0.2514768,8.184683,-1.5341058,5.3462796,7.2534256,6.6109176,2.2798882,3.4565902,9.7820215,5.960545
0.08840718,8.621326,-2.1638508,5.371385,7.26636,7.061936,1.4696403,3.30176,9.800559,5.424733
0.026191436,8.677735,-2.1065881,5.891165,7.363627,7.4730096,1.5220096,3.1468806,9.887233,5.713049
0.65028316,8.283593,-2.5023532,5.26112,7.6682663,7.459778,1.4987348,3.5844467,10.276486,5.3257127
1.0678453,9.21045,-2.7071068,5.5839252,7.5396857,7.6305747,1.7159605,3.8181627,10.161046,5.1833825
1.6188142,8.492224,-2.5881224,5.059506,7.8059816,7.627413,1.4283746,3.7225394,10.700507,5.043021
1.311293,8.683101,-2.343636,4.903365,7.1655602,6.7476482,2.1161487,4.0859823,9.781629,5.633278
1.0632606,8.458603,-2.4000854,5.171408,7.778353,7.8392034,1.5538348,3.5599709,10.3991585,5.150556
1.1325706,9.089926,-2.848508,5.4167004,7.9881263,7.469304,1.0980806,3.6384,10.639663,4.935418
1.8502942,8.871804,-2.5043542,5.0106416,7.6404204,7.4755883,1.4189932,3.8386383,10.643205,5.1003165
1.9335114,8.7169895,-2.1907945,4.791358,7.2036757,7.0766587,2.194261,4.1256466,10.004872,5.6137767
1.4363543,8.490661,-2.857621,4.630563,7.292939,7.2255564,1.70139,4.1878347,10.170864,4.9361453
0.17286558,8.505277,-2.2831607,5.2074223,7.318136,6.8869834,1.4187176,3.4622507,9.938328,5.306293
3.916731,8.717672,-2.1788476,4.1170306,7.5154953,5.8184204,2.0689461,4.171849,10.622398,5.762904
1.7810317,8.703494,-2.7188017,4.839183,7.3573046,7.2377243,1.641392,4.123343,10.440571,5.042884
1.5567856,8.525746,-2.9165964,4.850687,7.3223324,7.4360967,1.441021,4.060436,10.416866,4.895152
1.8796738,8.689801,-2.2283506,4.697984,7.1048265,6.7041354,2.1960778,4.2026014,9.850673,5.7605214
1.4480615,8.728153,-2.5706549,5.2780766,7.4546833,7.676323,2.066166,3.9742813,10.151386,5.3434844
0.97500515,9.216607,-2.532455,5.8984694,7.6691017,7.942997,1.8975314,3.6522,10.137394,5.3961377
1.7250763,8.567562,-2.5381134,5.0534697,7.828626,7.56041,1.3895024,3.709023,10.749822,5.0786557
0.5336567,8.576717,-2.4361124,5.0482454,7.180142,6.975689,1.2895019,3.575793,10.014734,5.1363773
1.1578524,8.475988,-2.325956,5.066988,7.31608,7.184819,2.144803,3.9380286,9.958619,5.5127296
1.8253064,8.786645,-2.2988899,4.915028,7.2967396,7.298181,2.2009938,4.1038055,10.020681,5.490411
1.5152199,8.338927,-2.8498886,4.530932,7.2759047,7.1857085,1.5497926,4.097211,10.372363,4.817932
1.274603,8.85428,-2.6402924,5.490013,8.017012,7.640088,1.4230902,3.658318,10.580224,5.3393593
1.5834867,8.704925,-2.384711,4.802352,7.588241,7.650321,1.6530128,3.8557398,10.3460865,5.07446
1.0611299,8.538546,-2.495708,5.507091,7.6702166,7.600578,1.8914322,3.7410572,10.167759,5.6872873
0.32817295,8.432344,-2.2551434,5.2186427,7.148299,6.895246,1.2511659,3.3858142,10.00419,5.37648
1.107603,8.771379,-2.5969386,5.313079,7.073939,7.727689,1.8228662,3.8293848,10.047797,5.0390077
1.1475123,9.306307,-1.8604536,4.650352,7.6289687,6.337863,1.6224523,3.7984445,9.981706,5.5550966
2.1343873,8.5245495,-2.243807,4.62732,7.1757846,6.9385633,2.1616392,4.196286,10.131619,5.5869503
0.6401542,8.834465,-2.4043121,5.54682,7.668048,7.631951,1.3945673,3.398843,10.259202,5.234229
1.24946,8.861614,-2.618339,5.5042915,7.8213124,7.3217053,1.4845781,3.8539405,10.405062,5.7837043
0.1910745,8.448733,-2.2194486,5.306868,7.2817006,7.002673,1.3148245,3.3413758,9.994703,5.383441
2.5204523,8.424876,-2.201986,4.2973247,7.253106,6.5123477,2.1028273,4.2315025,10.312688,5.548814
0.87157923,9.035804,-2.5059505,5.203735,7.421016,7.084168,1.1559982,3.5574358,10.211319,5.071744
0.91746944,8.933111,-2.6245222,5.641193,8.024766,7.679944,1.1598215,3.4211838,10.63408,5.148036
1.6512375,8.631089,-2.2846642,4.774424,7.111765,6.7533555,2.194592,4.1636295,9.817847,5.691445
1.6275511,8.715196,-2.6304243,5.1113534,8.0342045,7.628202,1.3534031,3.6672862,10.736164,4.989653
1.586387,8.759301,-2.8373153,5.1661186,7.0738482,7.583587,1.5222133,4.01576,10.326287,5.0369663
3.30186,9.851763,-1.5016657,5.884591,6.327406,6.0054693,2.3345797,3.7628467,9.673874,7.5735965
0.8407681,8.527352,-2.4868271,4.924261,7.2874885,7.061804,1.4573501,3.719514,10.11027,5.073686
1.8189727,8.604821,-2.2366922,4.8723135,7.204072,7.1784663,1.5866898,3.9155445,10.484238,5.409837
3.8113093,8.7047205,-2.2125993,4.133823,7.4841585,5.8964243,1.9849876,4.1380315,10.583262,5.7299185
0.46760413,8.560937,-2.0364473,5.6928024,7.6133966,7.7355957,1.8886746,3.2913976,10.038976,5.5928445
0.9452967,9.10893,-2.5574615,5.982389,7.600069,7.978182,2.0044131,3.6996408,10.079766,5.5096245
0.36851156,8.134174,-1.2424896,5.3001375,7.258254,6.51586,2.7773268,3.5814013,9.720073,6.0999556
0.87215585,8.917814,-2.4812522,5.271093,7.3860507,7.0778875,1.2190266,3.531612,10.153763,5.277263
0.727587,8.513532,-2.4608376,4.9839864,7.200309,7.0567684,1.205435,3.5850937,10.17419,5.058019
3.2616265,8.624614,-2.3326151,4.3007584,7.525706,6.2619796,1.9694921,4.166558,10.554671,5.554814
0.07893609,8.354179,-1.9587353,5.418019,7.1672564,6.8609624,1.6353971,3.292993,9.796865,5.6832438
0.5512682,8.9800625,-2.181273,6.1787314,7.67743,7.888421,1.7716718,3.2904596,10.118301,5.795103
1.6206765,8.786308,-2.5611427,5.1348906,8.04439,7.6294336,1.3848621,3.6320295,10.692962,5.0291896
0.5595389,8.397829,-1.7164019,5.221474,7.2900724,6.8599443,2.29631,3.561363,9.737081,5.8070006
3.908107,8.67063,-2.2369332,4.1058583,7.559875,5.880666,2.0310364,4.1906195,10.669067,5.7039537
3.201743,9.903235,-1.4858658,5.9366765,6.379465,6.0374503,2.321893,3.7188282,9.652869,7.595285
0.9829668,8.436769,-2.018296,5.2902813,7.5415435,7.489096,2.1218631,3.5894272,10.11183,5.5618157
0.5014449,8.480571,-2.1450243,5.73754,7.6171045,7.8106384,1.7460217,3.306651,10.165215,5.5767183
0.462838,8.665236,-2.544557,5.1573367,7.463323,7.083029,1.3486024,3.586462,10.062538,5.145672
1.825042,8.5563,-2.3331363,4.7945037,7.1479754,6.9683766,2.141311,4.145499,9.953669,5.6713653
1.3007305,9.102902,-2.8573053,5.4179173,7.611888,7.506869,1.9453012,4.0931015,10.135737,5.302671
0.40339422,8.6329155,-2.4234233,5.5776353,7.6278954,7.3736763,1.2816458,3.4010346,10.21815,5.489218
1.9675348,8.477368,-2.420551,4.5972357,7.352542,6.833018,1.9287078,4.1060023,10.292217,5.3275714
1.2388259,8.747061,-2.7737043,5.435701,7.0237136,7.6423182,1.540493,3.8827627,10.239196,5.16248
2.930415,9.7070055,-1.5624146,5.4664764,6.5595126,5.9255385,2.3717422,3.880485,9.697188,7.291211
0.7903325,9.218152,-2.3197117,5.887583,7.8145866,8.000372,1.6359073,3.3428788,10.252796,5.323745
0.33011928,8.789145,-2.0196178,5.73283,7.657778,7.7545743,1.8292692,3.1872663,9.959331,5.4481893
3.3119266,9.788003,-1.0363301,3.7801394,7.3834586,4.9085884,2.2198381,4.2013154,9.725828,7.0105486
1.1477565,8.699702,-2.511636,5.584612,7.923812,7.996609,1.7686454,3.5813851,10.363369,5.3867617
2.0643063,8.38545,-2.1426048,4.422004,7.2164183,6.454444,2.254528,4.197239,10.116079,5.6530027
2.4978783,8.435638,-2.2162943,4.321446,7.2543116,6.561293,2.083407,4.235805,10.324449,5.5299444
0.19216715,8.735481,-1.9894135,5.762856,7.5435033,7.624903,1.6544714,3.1097116,9.954296,5.5269146
0.3677463,8.28201,-1.512304,5.320141,7.2597623,6.63321,2.4217596,3.5427337,9.764055,5.9661646
0.92276067,9.154832,-2.5358443,6.0103717,7.61151,8.032147,1.997444,3.6677725,10.088027,5.468536
0.5223389,8.600388,-2.1633663,5.9983582,7.6303644,7.6922426,1.5907179,3.2563732,10.236177,5.87551
1.0798352,9.108643,-2.4978495,5.618554,7.748706,8.068131,1.8230554,3.599359,10.251822,5.128808
2.1723115,8.51531,-1.831279,4.427074,7.1069355,6.27906,2.3323572,4.179341,10.028911,5.9684434
1.3840024,8.709303,-2.508986,5.145436,6.9464765,7.299613,1.5963619,3.8682227,10.234992,5.1612873
0.41870195,8.651633,-2.371013,5.168562,7.1650248,6.861293,1.5425217,3.6115391,9.7857275,5.3909435
0.4659357,8.417525,-1.6048089,5.373334,7.2705355,6.6455774,2.2509713,3.5316405,9.829196,5.986391
2.7479136,8.483686,-2.1949828,4.288066,7.286706,6.4215684,2.0793,4.2311573,10.371708,5.5853596
0.57026976,8.956192,-2.1240034,6.13772,7.65547,7.820749,1.8271642,3.3286307,10.122774,5.829881
-0.046418674,8.607039,-2.1664717,5.822893,7.257427,7.3656526,1.4999878,3.2013464,9.816393,5.7114363
0.16799614,8.516053,-2.3402145,5.5103397,7.2425284,7.279223,1.4117204,3.3686564,9.9159155,5.443998
1.199478,9.357428,-2.552364,5.852229,7.589935,7.921817,1.7965615,3.6546474,10.189326,5.338254
0.912003,9.243785,-2.490674,5.9364605,7.711213,8.010503,1.8665329,3.5805998,10.14313,5.380104
0.8543272,8.782718,-2.438935,5.944989,7.591842,7.7583947,1.8140422,3.6011248,10.147902,5.8402004
0.3760642,8.30717,-2.2032933,5.296781,7.277572,6.9352913,1.4924115,3.4922104,10.068795,5.491418
0.40865406,8.644611,-2.412811,5.1176686,7.2606387,6.922129,1.4955422,3.6080437,9.859749,5.2732234
1.1614689,8.811553,-2.6385162,5.2238474,7.3225684,7.1133437,2.0227616,4.0549326,9.904528,5.4820504
1.2965908,9.104001,-2.6515942,5.462427,7.557259,7.5022883,2.020986,3.9556148,10.022745,5.446998
2.1208694,8.524711,-2.1385229,4.4712586,7.1644926,6.5260067,2.176267,4.2009773,10.073451,5.6873374
0.33223757,8.470268,-2.1535554,5.8559017,7.6020722,7.739632,1.4450247,3.1596465,10.249234,5.625676
0.5764699,8.535677,-2.202331,5.766428,7.7304797,7.88683,1.5981604,3.266747,10.303574,5.5039377
2.0159414,8.374792,-2.598352,4.644593,7.4062405,7.103399,1.6219816,4.041757,10.551036,5.074918
1.2907375,8.651988,-2.6068962,5.3756533,7.7931786,7.7527895,1.7746571,3.7571692,10.341186,5.350123
1.2687756,8.89113,-2.6652977,5.3726387,7.508903,7.511484,2.005269,3.9700038,10.054851,5.4149942
1.0912567,8.889297,-2.727731,5.3884883,8.021514,7.564354,1.0245925,3.5100987,10.737462,4.9331303
1.2538755,8.352388,-2.2724571,5.295306,7.315988,7.4238057,1.2422006,3.4918673,10.62751,5.352384
0.010404777,8.538578,-2.1851046,5.6455874,7.2744865,7.3312135,1.5036287,3.2463408,9.834231,5.5733457
0.7117751,8.5576935,-2.5039763,5.0395393,7.183588,7.047381,1.2312039,3.611724,10.156252,5.0721045
2.3241482,8.572548,-2.170292,4.4851127,7.2154784,6.7553377,1.9593917,4.187088,10.336596,5.5552073
1.5890033,8.953746,-2.5905726,5.206566,7.536814,7.6950374,1.8591805,3.9010587,10.276542,5.086009
1.3022237,8.951894,-2.7881894,5.1432085,7.4417,7.3325086,1.8915772,4.081024,10.057974,5.173786
0.36841667,8.226663,-1.2759286,5.3889956,7.3231854,6.621075,2.7477164,3.545377,9.76965,6.073612
1.2717879,8.564594,-2.4388466,5.396283,7.3340983,7.7186475,1.9810817,3.8236666,10.139188,5.496694
1.5464103,8.344961,-2.8931854,4.561649,7.2573733,7.2037444,1.5794052,4.1364403,10.358346,4.8503084
1.3636087,8.692234,-2.7754526,5.2517543,7.0515575,7.583892,1.5334289,3.9309628,10.275509,5.0786934
0.8128025,9.11384,-2.0153847,6.0682964,7.62644,7.8579535,1.9856205,3.3481686,10.098046,5.7679596
1.7577629,8.5109215,-2.419695,4.8621926,7.1930394,7.157006,2.083653,4.101781,10.001768,5.561602
1.2923526,8.970925,-2.1239295,4.5845256,7.529889,6.5866914,1.638198,3.9252865,10.13863,5.330622
0.67422885,8.983072,-1.9511181,5.9747252,7.6651487,7.5887423,2.149185,3.4606147,10.04909,5.8128695
0.14024179,8.704419,-2.253568,5.4156795,7.3492627,7.146899,1.1613622,3.2660947,10.04154,5.308502
1.8468921,8.674509,-2.2790966,4.831999,7.2029076,7.130417,2.21719,4.136511,9.972315,5.570851
0.44551948,8.122628,-1.2046869,5.219744,7.258431,6.4581633,2.8708608,3.6367178,9.744677,6.0933185
1.4517454,8.5840645,-2.9497125,4.818624,7.3670573,7.1798105,1.539671,4.122654,10.342123,4.885871
3.492384,8.620539,-2.2936282,4.2250214,7.5189505,6.128041,1.9981793,4.169926,10.576267,5.591803
1.6425029,8.627707,-2.6036541,4.8789024,7.375174,7.3853836,1.95717,4.1033764,10.203184,5.1916265
1.0301878,9.189596,-2.5276446,5.8585067,7.665833,7.9885807,1.9438522,3.6774266,10.146685,5.3520393
1.0373656,9.117517,-2.4735062,5.6677856,7.7729454,8.034344,1.9049667,3.611754,10.209479,5.213118
1.1917883,8.923362,-2.497322,5.6617837,7.9754963,7.9607983,1.6903038,3.5262544,10.39864,5.3196273
1.3286078,8.818413,-2.5742104,5.429393,7.5710263,7.662499,1.993318,3.8896759,10.145594,5.4666276
0.33072028,8.474009,-2.2362373,5.372164,7.3164673,7.121944,1.2366283,3.3039725,10.118183,5.3783827
1.9799584,8.591875,-2.0968623,4.73212,7.0564966,6.792314,2.318189,4.146053,9.85947,5.825287
3.2115424,9.966972,-1.3694913,5.928257,6.398364,5.9372377,2.2840536,3.6804519,9.601692,7.6873455
0.95947725,8.676025,-2.6845665,5.002246,7.3267717,7.1003056,1.6397617,3.919051,10.048714,5.123015
3.5393436,10.016806,-0.843599,3.3968143,7.401736,4.3876953,2.2249568,4.305722,9.695332,7.205592
3.4244347,9.186337,-1.3773764,4.663831,6.5898137,5.3019967,2.3732014,4.2109904,9.879527,7.325503
2.5007956,8.789147,-1.6417177,4.317768,6.9860406,5.924934,2.3551948,4.2433987,9.887621,6.347292
3.4194686,9.377026,-1.3072932,5.478705,6.2677956,5.7583337,2.458029,3.8719382,9.620779,7.4739265
2.5907238,9.376171,-1.377398,4.9398904,6.8590503,5.9096866,2.0565922,3.9433665,9.836607,6.967485
3.6591926,9.839341,-1.2237267,5.6144404,6.1286798,5.5300546,2.3049893,3.852683,9.583013,7.7865005
3.224339,10.075889,-1.3421717,5.161275,6.340189,5.3583755,1.9925492,4.055839,9.641252,7.5130153
2.6582525,10.122216,-1.3781177,5.0264664,6.588698,5.452802,1.7280777,4.0307274,9.634398,7.285544
3.6042507,9.726271,-1.2736713,4.6305113,6.4718056,5.0505238,2.2531562,4.2297263,9.735693,7.3531017
3.6834967,9.762729,-0.78892446,3.3344927,7.3965116,4.408426,2.4036233,4.4699764,9.792988,7.2367964
2.1778455,9.164681,-1.1663035,4.9749537,7.0187316,5.9164176,2.4075866,3.7719138,9.478869,6.90383
3.6844857,9.496439,-1.3874608,5.024761,6.2108474,5.328299,2.4735458,4.200732,9.788011,7.6021643
3.228583,10.287153,-0.6669709,3.6056175,7.378863,4.3600297,2.190454,4.239333,9.370968,7.4100437
2.7552865,10.063778,-0.9869749,4.4152613,7.0414886,5.0953784,2.0240684,4.0518694,9.388566,7.235916
3.4587743,9.9268,-1.0554714,4.274849,6.8131905,4.818069,2.2335088,4.247356,9.560573,7.3777294
0.7447939,9.2394285,-2.3476799,5.936557,7.8951044,8.0099745,1.6971048,3.3511903,10.205862,5.375583
3.3297157,9.412381,-1.2774625,5.432343,6.4241257,5.7186766,2.2840571,3.783285,9.616156,7.4205914
3.1740944,8.97255,-1.4076395,4.280861,6.8560944,5.3280582,2.4322333,4.3214846,9.997841,7.019406
2.4015534,8.840139,-1.4836783,4.5159917,6.957069,5.9580145,2.378149,4.106612,9.782835,6.527366
3.178885,10.03305,-1.0134203,4.1235967,7.080911,4.8632245,2.096821,4.1702595,9.53647,7.2402678
3.1748703,10.075832,-1.4025943,5.373489,6.2632675,5.479411,1.9722213,3.9925463,9.681246,7.6321435
3.1621723,10.658426,-0.3899036,3.1156745,7.554642,3.9165606,2.1587667,4.2976685,9.155745,7.368776
2.784076,9.426627,-1.6089267,4.916839,6.911479,5.7833643,2.4901414,4.1420913,9.668225,7.237142
2.851679,10.052778,-1.1684643,4.653316,6.8113327,5.212491,1.88496,4.0583835,9.566564,7.270975
4.0932174,9.051256,-1.8285205,4.151284,7.2874355,5.437949,2.1534412,4.2210836,10.350147,6.3345017
3.29757,9.424454,-1.5293984,5.0042796,6.459462,5.570509,2.3712866,4.151494,9.84803,7.522895
3.5818524,9.944516,-1.2278781,5.631198,6.279301,5.495508,2.5131352,3.8880322,9.566676,8.044434
2.3342571,8.61269,-1.8051386,4.377685,7.0847745,6.2007146,2.2969337,4.2196565,10.038583,6.064183
3.3549907,10.202797,-0.47595108,3.275678,7.4730706,4.179581,2.2944798,4.4332037,9.422913,7.2372103
1.0506611,8.881869,-2.388981,5.859202,7.6714725,7.479278,1.6812439,3.6522863,10.220753,6.053355
3.7280405,9.736057,-1.1225679,4.191102,6.768207,4.8035784,2.362228,4.334821,9.732657,7.423203
3.1938066,9.03712,-1.3453479,4.2557216,7.0445194,5.420278,2.3378952,4.2261615,10.11379,7.019788
3.9757488,10.16826,-1.033175,6.032415,5.947533,5.4621,2.3954027,3.699667,9.454481,8.228596
4.045178,9.240591,-1.161392,3.6517322,7.1206107,4.7697463,2.546411,4.4727707,10.228739,7.377119
3.175259,10.62014,-0.41656405,3.1434903,7.5206428,3.951689,2.1273088,4.329142,9.200623,7.3274903
3.1247146,10.206747,-1.2671262,5.1484118,6.3404236,5.2339,1.8591919,4.0336533,9.603344,7.6161118
3.8912785,9.140707,-1.7322612,4.072945,7.340794,5.413276,2.1459663,4.2228584,10.240973,6.3287587
3.5654452,10.136058,-0.7029934,3.343938,7.4034348,4.2623587,2.2569346,4.356199,9.570038,7.3437767
3.0184224,8.81839,-1.4947801,4.123898,6.9731297,5.5140376,2.451458,4.3503537,10.061323,6.7414103
3.8789947,9.970535,-1.1615189,5.6978316,6.043229,5.3761415,2.3894265,3.8820229,9.585898,8.0435915
3.2454512,10.489545,-0.48385122,3.2476568,7.521444,4.023321,2.170597,4.312095,9.290804,7.363262
2.9611728,10.067521,-1.0193919,4.318295,7.147251,4.918856,2.3443346,4.1737876,9.398367,7.512448
3.8480396,10.036715,-1.1025704,4.7806535,6.369563,4.885241,2.2847834,4.2091947,9.6132555,7.752659
2.6850843,8.958691,-1.4462886,4.6437626,6.8481894,5.8749967,2.384445,4.099933,9.781211,6.715287
3.6992376,9.643615,-1.2983867,4.862834,7.012696,5.6614327,2.4987416,3.7680774,9.672498,7.060866
2.2888784,8.659902,-1.8928146,4.4148393,7.1586256,6.3863378,2.116258,4.1880894,10.1626,5.8822765
3.4839203,9.346869,-1.2626867,5.3691835,6.3650537,5.6547484,2.3801923,3.8551993,9.629459,7.448224
2.305002,8.629272,-1.7856246,4.435218,7.0698714,6.1891317,2.3374228,4.2058363,9.990037,6.143668
3.4346023,9.883972,-1.0030814,3.706698,7.1048927,4.6160693,2.1816585,4.3562317,9.654399,7.157385
3.0917025,10.16021,-0.8955937,4.315817,6.9945617,4.7990894,2.1964269,4.1432877,9.391168,7.511701
3.232675,9.083753,-1.5102566,4.590609,6.5421014,5.401947,2.4222667,4.303185,9.941292,7.1152163
3.9982555,9.302913,-1.1490691,3.7093692,7.141931,4.799355,2.5552285,4.416572,10.161373,7.3833976
3.144557,9.288024,-1.4968858,4.1725388,6.692227,5.3654857,2.4364073,4.4284215,9.672418,6.829982
2.9791338,9.932141,-1.4716663,5.31233,6.3681374,5.6113834,1.9618232,4.001208,9.732838,7.484727
2.556378,9.173434,-1.7749853,4.941036,7.0591383,5.9071074,2.2547555,4.13494,9.958356,7.1543756
2.8101761,9.423551,-1.2500926,5.291387,6.6690965,5.8421283,2.4658918,3.7917507,9.43721,7.273184
3.6143599,9.085718,-1.6616322,4.057702,7.2640924,5.395807,2.1935868,4.279913,10.253246,6.5515604
2.8740737,10.058561,-0.87694246,4.1016636,7.142397,4.8336124,2.1003306,4.14574,9.393112,7.2880616
2.8179133,9.53665,-1.1624957,5.3959193,6.7655287,5.852525,2.4527867,3.6833508,9.461689,7.417507
3.1708474,8.997518,-1.3616623,4.3202353,6.9571557,5.4276285,2.3703275,4.2422686,10.097963,7.063803
2.3918252,9.7284775,-1.4556583,5.056645,6.7273703,5.83387,1.8274114,3.9736755,9.724599,7.0139213
3.2752209,9.857789,-1.2633572,5.3985105,6.421389,5.5525827,2.2028575,3.893312,9.60361,7.622918
2.9899545,10.245524,-1.2479831,4.9613724,6.521386,5.2064447,1.8079995,4.056124,9.600549,7.5118446
4.0488462,8.928166,-1.9507985,4.233999,7.306869,5.6291513,2.1382825,4.1939774,10.407185,6.17773
3.6375802,9.596967,-1.2803881,4.8317223,7.0085998,5.6549687,2.490219,3.783199,9.653911,7.0327387
3.1987665,9.813588,-0.9454214,5.0866294,7.53535,5.9261494,2.6225657,3.3050554,9.733217,7.4550242
2.984086,9.788975,-1.4594058,5.198441,6.4428763,5.607673,2.0816736,4.0584617,9.746953,7.4802003
1.4563485,8.805135,-2.2811887,5.461754,7.368963,7.363992,2.2508323,3.8653295,9.966137,6.025782
3.4781713,9.689471,-1.4186625,5.2184134,6.2965074,5.513565,2.4045322,4.071542,9.692357,7.583456
3.3512259,9.95254,-1.1461153,6.0922155,6.378596,5.9175634,2.4366045,3.4976656,9.514647,7.950289
3.983058,9.558558,-1.1923524,4.312449,6.6324916,4.873658,2.4742837,4.3504143,9.91011,7.5792985
2.7782166,9.927909,-1.2506331,4.292613,7.068692,5.199116,1.8804688,4.169524,9.695507,7.04106
2.8068163,10.055826,-0.9590404,4.213135,7.132863,4.9602966,2.0743005,4.125828,9.396979,7.2250013
3.1980526,9.78033,-0.9541229,5.0546675,7.553621,5.9147415,2.6275523,3.322652,9.733704,7.427157
3.5387452,9.990702,-1.1402547,6.095495,6.2423635,5.7970304,2.432475,3.569994,9.509416,8.043399
3.0880306,10.37224,-0.6725554,3.448839,7.4361854,4.3112006,2.070521,4.263182,9.333851,7.2383676
3.6681395,9.6238985,-0.9093974,3.486429,7.273265,4.5498567,2.428161,4.443147,9.859022,7.283242
3.500694,9.514446,-1.3195447,5.5190086,6.178005,5.6885047,2.4469914,3.9081345,9.615026,7.592992
4.02989,9.149715,-1.4074166,4.0936236,6.9027386,5.0943055,2.5086,4.380506,10.151252,7.183092
3.622221,9.568904,-1.3077168,4.653185,7.1049733,5.632572,2.4746435,3.827795,9.6776705,6.8864784
2.48408,9.277814,-1.3283973,5.1428866,6.790815,5.943752,2.4580426,3.8226469,9.373672,6.9757085
3.6691008,9.811433,-0.83193123,3.3686144,7.390264,4.424828,2.3756504,4.4234605,9.780071,7.260713
3.7343023,9.71308,-1.1019777,5.1802883,6.3217278,5.3094335,2.3144753,3.93763,9.560518,7.579425
3.0905392,10.1341305,-0.8707111,3.477702,7.3215747,4.5200357,2.0722919,4.3381543,9.464818,7.0336475
3.3190823,9.781994,-1.0007732,4.9466295,7.4769464,5.814684,2.5905602,3.4279978,9.726234,7.359861
0.42437953,8.105188,-1.1311522,5.1939797,7.226925,6.3753424,2.9156504,3.6310704,9.7312975,6.159307
2.9116251,9.6530905,-1.3120762,5.3112373,6.5288773,5.724407,2.0293384,3.8599975,9.6434765,7.288728
3.5641913,9.212164,-1.4146872,4.304515,6.8878913,5.293091,2.4583569,4.260361,9.891273,7.0602775
4.021039,10.115542,-1.1691495,6.2118173,6.0481143,5.5557504,2.5215068,3.6808555,9.56611,8.343372
0.9535058,8.327707,-1.3517857,5.0358086,7.1661882,6.312983,2.6496525,3.7565172,9.767643,6.1915145
3.8340743,9.4296465,-1.2069969,4.040581,6.7888427,4.845902,2.503604,4.438751,9.935161,7.4174685
3.4859927,9.974709,-1.2088976,6.036122,6.247521,5.804724,2.4048975,3.626745,9.53597,7.9673233
2.973732,9.851661,-1.3005207,4.6765404,7.002137,5.29201,2.1822338,4.13838,9.765485,7.4817557
3.9584641,9.995073,-1.1272541,5.6719174,6.042653,5.3138695,2.4199011,3.8975587,9.581076,8.09252
3.1628163,10.145958,-1.0048345,4.618941,6.915204,4.952149,2.3348038,4.117356,9.416626,7.7079024
3.8326015,9.803941,-1.2514381,5.4446716,6.0696983,5.3109965,2.3906512,4.0217,9.6864605,7.934215
0.55230904,8.861189,-2.0626886,5.9365187,7.671705,7.8671517,1.9404346,3.289232,10.03918,5.6585646
2.833457,9.821882,-1.2135365,6.006841,6.5912905,6.1296086,2.2965941,3.4490552,9.53651,7.6561613
3.9327295,9.172231,-1.2453713,3.7510266,7.1492267,4.9252844,2.5460389,4.40352,10.216443,7.26623
3.1739564,9.783149,-0.9489364,5.0771933,7.5694556,5.9398766,2.631243,3.298956,9.737769,7.428252
3.6469684,9.372643,-1.3846432,4.7590046,6.4230995,5.26075,2.4611132,4.261088,9.9035,7.5207024
3.526691,9.958667,-1.1982102,5.9744897,6.2183256,5.744611,2.4056215,3.6651924,9.538642,7.971822
3.2702987,9.776395,-1.0323958,3.9425073,7.442081,5.082127,2.2686744,4.066018,9.641026,6.9242396
2.9291742,9.349831,-1.3511617,4.3279357,7.2341247,5.716543,2.3463361,4.006742,9.674611,6.552937
2.538984,9.148344,-1.4370242,4.765558,6.820048,5.875452,2.3387527,4.0395365,9.611534,6.736906
3.4884994,9.6421795,-1.2073392,4.192503,7.2476344,5.232993,2.2792232,4.0524645,9.778348,6.977959
2.5932705,9.140717,-1.2996972,5.1183934,6.7719555,5.9430013,2.5147982,3.8060145,9.442652,6.986583
3.2251809,10.493254,-0.49375138,3.1762865,7.463086,4.0439053,2.083009,4.373194,9.28855,7.26164
3.5265594,9.298565,-1.2235745,3.767909,7.275549,5.0003195,2.3492827,4.3481007,10.063137,7.0274343
3.595297,9.565237,-1.2466666,5.6181087,6.152216,5.6515985,2.4438837,3.848026,9.597699,7.6992574
2.590531,9.008868,-1.4434824,4.460722,6.9203157,5.7668686,2.3248944,4.161976,9.778888,6.648218
3.715266,9.703138,-1.1550957,4.210403,6.709329,4.8409805,2.3336723,4.3460746,9.764463,7.4038095
0.39950943,8.122111,-1.2126131,5.240864,7.2360263,6.433354,2.8106465,3.6085467,9.730749,6.123001
3.2071073,10.584725,-0.44941854,3.1827457,7.5294456,3.9840212,2.1735952,4.302376,9.219549,7.380787
3.8336794,9.427866,-1.1766582,3.9921608,6.8900137,4.850545,2.451333,4.391104,10.000392,7.39247
3.5932753,10.106238,-0.7309707,3.4178712,7.346324,4.312769,2.2956784,4.3651075,9.592381,7.362208
1.3848089,8.828507,-2.296211,5.5550556,7.3084035,7.435032,2.1960502,3.8149428,9.96559,6.0093775
3.511119,9.242381,-1.2304614,3.9472811,6.974783,5.029645,2.4618201,4.391116,9.987507,7.18808
4.0946336,9.086872,-1.329479,3.8696575,7.000539,4.9602017,2.5639517,4.4476843,10.237124,7.302533
1.9258264,8.911601,-2.4487243,5.0369,7.7436996,7.415375,1.2846777,3.7503629,10.7612095,5.145111
3.6625454,10.000104,-1.1813456,5.574913,6.0263386,5.3057456,2.1997328,3.910187,9.594505,7.944508
3.18248,9.365891,-1.2914425,4.552789,6.799812,5.373269,2.2144985,4.1792984,10.026479,7.32769
3.9831548,9.582333,-1.1658248,4.24488,6.667037,4.83898,2.453621,4.357214,9.910953,7.5547047
3.7001672,9.90007,-1.2282696,5.505762,6.0703406,5.357614,2.2788448,3.957343,9.62063,7.8774614
3.090001,10.391835,-0.6504172,3.4037182,7.419798,4.2786217,2.0597136,4.298489,9.32834,7.2107024
3.8208048,9.973596,-1.1329541,4.7027097,6.408668,4.904019,2.2629833,4.2278485,9.673156,7.689879
3.573044,9.930992,-1.278232,5.249369,6.2081914,5.307945,2.1862948,4.0310884,9.653069,7.705261
2.4845593,8.78219,-1.5736831,4.4556904,6.9505587,6.0096674,2.410567,4.165325,9.817164,6.409874
3.3656642,9.506952,-1.1857435,3.9935973,7.030588,4.9509554,2.245765,4.3238664,9.9370775,7.234337
3.5260265,9.33869,-1.2994847,3.8232577,7.2790394,5.13671,2.3527458,4.2746515,10.055954,6.9196663
3.2581966,9.968613,-1.2100159,6.092205,6.2569056,5.874771,2.2884252,3.5747368,9.537683,7.9173627
2.952272,9.34891,-1.3521054,4.1671777,7.0006895,5.2461247,2.2262893,4.272123,9.798707,6.828775
3.6287465,9.495003,-1.0301068,3.6513407,7.1786685,4.726821,2.4450111,4.414609,9.896594,7.246572
2.4344523,8.786188,-1.5109079,4.435721,6.9626875,5.9630094,2.4079766,4.154543,9.8083105,6.4607105
2.958924,9.140767,-1.6062859,4.163326,6.768063,5.551789,2.424806,4.419066,9.734582,6.6310143
3.5566125,10.051897,-0.55191845,3.1969802,7.465748,4.186882,2.3908625,4.4885054,9.602798,7.2526555
3.0358503,9.910521,-1.4135287,5.3786387,6.3396616,5.5979595,1.9694757,3.939988,9.693289,7.518687
3.5846915,9.674611,-1.3153998,4.5802536,6.475098,5.0568767,2.238442,4.280361,9.800696,7.393899
3.3052542,9.74093,-0.9865839,4.7698545,7.559474,5.7261877,2.5771177,3.4944317,9.794972,7.3488545
3.8123884,9.249845,-1.2321723,3.7125685,7.2741957,4.954662,2.4661484,4.3621774,10.168949,7.1508737
3.9844058,9.224461,-1.2080826,3.7630734,7.09748,4.858227,2.5502539,4.4186506,10.179343,7.3417
2.5277464,9.448103,-1.4669391,5.0051136,6.606806,5.795516,2.2423522,4.0190744,9.474781,6.8846126
2.5430088,9.643481,-1.2160523,4.3467803,6.883562,5.302259,2.128438,4.1792293,9.415702,6.884156
3.1303155,10.623714,-0.39474404,3.1817245,7.5597954,3.9650245,2.1704848,4.2802763,9.147442,7.3835325
3.3203423,9.240634,-1.2987312,5.246111,6.5779595,5.6652446,2.2593954,3.8459375,9.688745,7.3048453
1.3781743,8.841645,-2.5290778,5.5124245,7.603845,7.5375996,2.0832865,3.8909178,10.096929,5.7664022
2.5902667,10.019302,-1.4158285,5.0572495,6.617616,5.560815,1.7611557,4.0032887,9.666606,7.224306
3.256686,10.087856,-0.93392646,3.837756,7.2329793,4.6873055,2.1148748,4.2300715,9.56859,7.242617
2.5799885,9.878816,-1.3919235,4.7928495,6.6723785,5.483374,1.8729786,4.1029315,9.577992,7.0142384
3.2102938,9.244228,-1.5534779,4.0980167,6.9015784,5.3971453,2.2970393,4.360799,9.880705,6.6458745
2.573339,9.268384,-1.2428514,5.3220854,6.832882,6.070368,2.4941752,3.6752894,9.45081,7.09582
2.785638,8.88526,-1.4942853,4.3655605,6.9656696,5.74326,2.3646376,4.212515,9.948145,6.65742
4.06078,9.557626,-1.1951897,4.292255,6.645029,4.855036,2.4697714,4.3547807,9.936535,7.5637794
3.7514858,10.053833,-1.1332018,4.9198785,6.3435774,4.9950933,2.2466538,4.153972,9.618819,7.7710934
3.6570137,9.473012,-1.1615746,3.9553936,6.973164,4.8650126,2.375982,4.370128,9.982788,7.359122
3.3372612,9.344393,-1.271009,5.165413,6.586748,5.616145,2.2842474,3.874132,9.664163,7.285961
4.0619206,9.109565,-1.2751758,3.8085501,7.059756,4.9234776,2.59412,4.4421334,10.25749,7.3249984
2.6630707,9.438378,-1.3536904,4.9149594,6.7248516,5.7203183,2.3307567,3.9785578,9.439535,6.9626737
3.606266,9.415295,-1.4712181,4.942352,6.3366046,5.3717127,2.3805423,4.2148623,9.895035,7.507074
2.8970413,9.82079,-1.260948,4.239596,7.1203914,5.2048154,1.9621485,4.167835,9.746158,7.0142584
3.6192448,9.788812,-1.3078285,5.3964453,6.0820427,5.3786836,2.2846367,4.0307226,9.685262,7.7689276
3.464886,9.918925,-0.843767,3.5175104,7.476982,4.600908,2.2773926,4.267091,9.642747,7.077994
3.76642,9.92596,-1.2068406,5.527541,6.040785,5.32294,2.2965934,3.9576588,9.618481,7.929645
2.736479,9.268474,-1.2705878,5.242527,6.690991,5.913288,2.4593215,3.807755,9.496556,7.1506877
3.6809685,9.4924,-1.3340212,5.0978837,6.236387,5.368536,2.4824977,4.1315136,9.737015,7.5968757
2.902135,10.228091,-1.234499,4.9184394,6.62501,5.1981115,1.8616424,4.060942,9.57224,7.5142465
2.9623597,8.921034,-1.5702431,4.149774,6.864126,5.522647,2.4254608,4.3864093,9.957472,6.6562314
2.8373437,10.085976,-0.78567576,4.047052,7.172366,4.757519,2.1059701,4.1620584,9.3473015,7.3053503
3.6500359,9.878835,-0.7109337,3.2809858,7.4413705,4.3290815,2.373258,4.473172,9.709219,7.2030206
3.2332728,9.0034685,-1.3484162,4.013746,7.0355453,5.2303996,2.4389064,4.3631287,10.059947,6.994035
3.541385,9.944976,-1.2618337,4.848815,6.3354807,5.0739217,2.0747447,4.1981826,9.749248,7.5945044
3.1644,10.185532,-0.5332012,3.5032694,7.423156,4.3436317,2.2237048,4.335438,9.353637,7.281823
3.140434,9.4892235,-1.4721054,5.1888,6.2653103,5.560752,2.3888342,4.1241994,9.708913,7.4239225
3.1394453,9.847949,-1.1585485,5.9390187,6.613212,6.0258074,2.4378161,3.4551966,9.540815,7.7550073
2.5363786,8.82484,-1.6142017,4.3333225,6.9865713,5.887196,2.3423197,4.2296395,9.883798,6.3966713
3.4936433,10.083606,-0.72849333,3.3395617,7.4066405,4.2999325,2.2478356,4.377234,9.593922,7.2543116
2.5531633,9.843819,-1.4025439,4.716452,6.7725863,5.506123,1.8483785,4.1028047,9.655665,6.9911056
3.3637,9.167292,-1.6018828,4.3256707,6.7187448,5.3904095,2.5479896,4.425283,9.831172,7.0707307
3.994692,9.050171,-1.2439401,3.6738148,7.1769814,4.8829727,2.5910447,4.4681697,10.299922,7.2398725
0.3678097,8.265125,-1.4654455,5.2955394,7.249826,6.566342,2.4540615,3.5367723,9.743807,5.999173
2.8107705,9.829685,-1.210794,4.26822,7.0232844,5.1888947,1.9966326,4.1914854,9.64053,7.05005
4.0852046,8.762856,-2.1486135,4.120939,7.490425,5.7492037,2.0771635,4.202147,10.640601,5.851841
3.8005488,9.243359,-1.5892774,4.010241,7.3307796,5.298656,2.1847374,4.2286687,10.151617,6.4993324
3.4355667,9.949885,-0.8970994,3.560454,7.1926565,4.4924765,2.2121308,4.3824463,9.611464,7.169179
3.3323216,9.142203,-1.671602,4.1482515,7.0152254,5.4984026,2.2249825,4.3089547,10.012231,6.4682226
2.9299636,9.688192,-1.1482433,5.619802,6.7224483,5.905788,2.4119945,3.5759256,9.492437,7.5596514
3.4742558,9.402969,-1.295577,3.8245287,7.239151,5.065183,2.2690766,4.3205085,10.027403,6.930063
2.6453762,9.489258,-1.2769431,4.8765683,6.845887,5.702805,2.2011967,3.9607866,9.6484165,7.1192994
2.647218,9.629555,-1.4729884,5.149653,6.4950967,5.775226,2.0761003,4.0195923,9.618965,7.1048937
0.40803698,8.081815,-1.1277556,5.196683,7.225044,6.3849525,2.9167626,3.6207805,9.719397,6.1554527
4.0430117,9.188622,-1.7369313,4.1176853,7.2949266,5.3512897,2.1425748,4.2198935,10.258289,6.397382
3.6736057,9.5885105,-1.3237168,4.7223144,7.130968,5.644261,2.4736335,3.7936773,9.696003,6.9269586
3.19421,10.653033,-0.3981822,3.1403873,7.566571,3.9290469,2.1826966,4.279982,9.158947,7.397273
3.1049018,10.547525,-0.4990566,3.292791,7.5070252,4.0874147,2.1487303,4.267459,9.204618,7.365858
2.5311902,9.343842,-1.289759,5.0515046,6.837551,5.8771124,2.4065726,3.8504422,9.42268,7.005679
3.9553752,9.211595,-1.2124664,3.7402241,7.1436744,4.8841677,2.5397718,4.406434,10.21131,7.308541
4.1348314,8.92747,-1.9798735,4.3122787,7.281363,5.644349,2.1314487,4.1612706,10.445382,6.1795435
2.1182756,8.790315,-1.5234553,4.751887,7.0570803,6.1355395,2.3306937,3.9327958,9.798237,6.52304
3.4749913,9.954069,-1.205428,5.987732,6.246062,5.784456,2.3918061,3.640225,9.543725,7.9481964
2.9443293,8.914213,-1.4514067,4.4072733,6.7519603,5.4562416,2.4270604,4.2998204,9.948552,6.9719524
4.078459,8.794727,-2.0996497,4.1448374,7.4525084,5.70478,2.080492,4.195852,10.580665,5.950404
3.7378738,9.799017,-1.2439603,5.480637,6.094234,5.4294724,2.2426867,3.921751,9.639594,7.7163515
4.073719,8.938306,-1.8833766,4.046698,7.342962,5.4639325,2.1864426,4.2733088,10.440297,6.267179
3.1400294,10.651144,-0.41108888,3.143959,7.534404,3.9433916,2.133272,4.3049526,9.159978,7.353669
3.1693187,10.068098,-1.265546,5.046158,6.449779,5.289135,2.0363255,4.086116,9.630797,7.5968323
3.6469343,9.397303,-1.2544832,3.6958606,7.351574,4.9650483,2.333433,4.3547363,10.084412,6.9970675
3.4435208,10.029174,-0.83346933,3.3949764,7.3303447,4.3888316,2.2056453,4.390422,9.603671,7.1520786
3.1799054,9.789562,-0.94908714,5.0747113,7.567703,5.9362497,2.6304486,3.2993479,9.73677,7.4277296
3.899999,9.5273075,-1.2432842,4.4763374,6.544848,4.987748,2.4586985,4.318183,9.908087,7.596721
3.8725288,9.951471,-1.1348149,5.30311,6.167827,5.1931634,2.3224363,4.0029993,9.600635,7.871854
3.5831637,10.071503,-0.7125003,3.2803075,7.4492297,4.2673907,2.2927854,4.3883986,9.627713,7.252832
3.4391656,9.675795,-1.1016935,3.9065871,7.111875,4.8613877,2.2560165,4.29746,9.859266,7.2400184
3.5548947,9.946992,-1.2193012,5.7291484,6.1057754,5.541019,2.2741742,3.8169732,9.583072,7.891145
3.543424,10.098442,-0.8256973,3.508732,7.359211,4.4045086,2.2585378,4.3003526,9.628549,7.3252726
3.5427392,9.991504,-0.72707886,3.312312,7.3944163,4.318701,2.2908814,4.417644,9.638346,7.2104936
3.0487483,9.20489,-1.7128094,4.5019045,6.832459,5.66144,2.5412364,4.357646,9.770228,6.9859843
2.7336717,10.019896,-0.93415767,4.135223,7.207711,4.95817,2.0618951,4.127588,9.398431,7.1637535
2.234285,8.617091,-1.7026542,4.469849,7.0322847,6.1452694,2.3866308,4.170991,9.939105,6.193975
3.340156,9.603913,-1.2856112,4.5175695,6.5994635,5.182766,2.181696,4.241632,9.7973175,7.2393565
2.9913442,10.206366,-1.2720884,5.0173597,6.4796314,5.23547,1.8241504,4.0520473,9.605361,7.519455
3.160445,9.699627,-1.3756437,5.473525,6.491307,5.796984,2.3417792,3.8288763,9.626853,7.564102
3.447334,9.993978,-1.1626842,6.0997143,6.290015,5.8548,2.409619,3.5446515,9.525775,8.0132065
3.1939073,9.785378,-0.95588106,5.0598288,7.5489907,5.9125805,2.623269,3.3246841,9.73186,7.4303584
4.1238832,8.982438,-1.9297258,4.2932215,7.2569757,5.5811768,2.1415095,4.176797,10.4082365,6.257502
4.0032744,9.758933,-1.1563092,4.571793,6.467611,4.8868484,2.4130275,4.270045,9.789014,7.6863728
3.5308225,9.985648,-0.6382294,3.306556,7.379644,4.273806,2.3320203,4.4667606,9.599238,7.2502117
4.0260816,10.130904,-1.0969357,6.1500626,5.9645376,5.5207677,2.4653265,3.694472,9.51292,8.31838
3.2375243,9.269155,-1.6424893,4.4859567,6.611789,5.5126977,2.5780416,4.407125,9.702026,7.0805736
3.1007226,9.900917,-1.2789189,5.107609,6.5145116,5.4078565,2.1363847,4.0399694,9.634087,7.5627346
3.535826,9.924763,-1.2687287,5.468703,6.152762,5.4133635,2.2105594,3.9519148,9.633578,7.801324
4.022632,10.131005,-1.1134012,6.1907444,5.980266,5.5411043,2.4841785,3.6750975,9.526717,8.330563
3.0541785,10.1376505,-0.94661963,3.854785,7.2539,4.7392373,2.0441933,4.2033052,9.488886,7.1446033
3.33064,9.334818,-1.4250635,4.5935864,6.6619344,5.299908,2.3100533,4.272349,9.905315,7.3794503
3.225832,9.871994,-1.1623507,6.008079,6.476169,5.9762444,2.4146633,3.4842842,9.534426,7.8278985
3.2626739,10.155907,-1.0295806,4.669968,6.8304405,4.9375677,2.3199792,4.1402297,9.462131,7.7501645
1.762846,8.62337,-2.3707898,4.491448,7.5220723,7.499164,1.6392262,3.932374,10.299752,5.033852
3.6148486,9.89558,-1.189301,4.5092626,6.517371,4.907204,2.1976252,4.2638636,9.683665,7.432945
2.6204605,9.997509,-1.4019977,4.9978204,6.633467,5.5296173,1.7835758,4.024182,9.656227,7.2060947
3.5527217,9.441561,-1.2476707,5.485566,6.221086,5.6545887,2.4764473,3.8665245,9.587748,7.530652
3.2927184,9.03143,-1.4026688,4.2129097,7.157799,5.45775,2.299044,4.1922045,10.14365,6.854676
3.4404936,9.546669,-1.234806,3.8595858,7.2799315,5.0510387,2.2416244,4.2569423,9.921006,6.954007
2.4247377,9.131333,-1.2553585,5.0575037,6.9052553,6.0163817,2.3807237,3.7976978,9.5757675,6.952675
0.9434928,8.808217,-2.3966372,5.8856187,7.536313,7.5467362,1.9042318,3.66599,10.050461,5.9623966
3.0632057,10.137672,-0.9355428,4.3853636,6.9597187,4.8785844,2.1555095,4.1161733,9.384646,7.463229
3.6762717,9.590337,-0.9441521,3.4957447,7.33529,4.5707545,2.4511793,4.439075,9.892576,7.3384466
3.360675,9.879364,-1.4087569,5.2483244,6.2139907,5.406997,2.127758,4.086139,9.741481,7.6597733
3.4726648,9.644763,-0.9765144,3.7098477,7.1558604,4.704179,2.3832192,4.3604393,9.707873,7.1866636
3.4566455,9.873684,-0.94900876,3.6723025,7.320642,4.6979456,2.2353163,4.279606,9.755776,7.2095327
3.2019594,9.225483,-1.3990413,4.6953273,6.5290685,5.3163004,2.3731089,4.2616415,9.946475,7.330936
3.4518602,9.596624,-1.2299211,4.1821165,6.6631794,4.993435,2.4006286,4.3929586,9.620595,7.2086687
3.310694,9.683342,-1.2046131,4.2213736,6.8188467,4.9506516,2.2244372,4.28217,9.657653,7.1342454
3.0567625,9.186299,-1.270741,5.2169504,6.5707297,5.820776,2.4044387,3.8720355,9.678365,7.2451425
3.9562166,9.885361,-1.1167207,4.580143,6.4780297,4.8309183,2.3833263,4.2613153,9.684457,7.676451
3.1839638,9.142696,-1.4252474,4.6381054,6.557211,5.3569436,2.3718438,4.2716546,9.997567,7.2478724
2.6225326,9.0420065,-1.278547,4.979524,6.9203515,5.9228234,2.2968144,3.8906295,9.866407,7.0773907
3.1205301,9.299272,-1.5829139,4.351502,6.625702,5.4671288,2.4799778,4.4098125,9.661671,6.9201317
4.0448503,9.0162115,-1.8597451,4.2165065,7.2771387,5.5200324,2.156966,4.1952763,10.35643,6.300144
2.915766,10.059254,-1.0329673,4.406918,7.096845,4.987302,2.224312,4.1491656,9.46323,7.4899316
3.3383691,10.064229,-1.2652975,5.264953,6.198658,5.2680454,2.0400739,4.035593,9.617444,7.7080464
4.0298157,10.088569,-1.1163824,6.097404,5.9735494,5.492682,2.481057,3.7284446,9.544871,8.288259
3.4968295,10.00769,-1.2359607,5.0430913,6.3727503,5.1753535,2.179396,4.1057496,9.656359,7.714072
2.9591832,10.012927,-1.0282184,4.1831837,7.150789,4.9088645,2.261615,4.1862855,9.418493,7.3379436
3.449934,10.103735,-1.1371267,4.7313547,6.520087,4.9973736,2.0785174,4.160456,9.618204,7.5923333
3.4040465,9.286629,-1.3550111,4.412594,6.6795945,5.1823454,2.3858397,4.328739,9.902774,7.3079534
3.6817317,9.834935,-1.2506696,5.207246,6.192509,5.285937,2.2342265,4.039025,9.66356,7.6680317
3.8932488,9.198676,-1.2497445,3.78398,7.141342,4.940263,2.525053,4.400938,10.179473,7.248055
2.4983416,8.803041,-1.5224781,4.676306,6.9219847,6.0965137,2.4729843,4.0519896,9.757783,6.538899
3.5337968,9.7075205,-1.2323915,5.5135174,6.255913,5.5609903,2.351821,3.8559024,9.592528,7.697465
3.1223547,10.155772,-0.9104432,4.553199,6.8032284,4.9171824,2.1111505,4.077698,9.382804,7.5239525
3.5759673,10.005257,-1.1592141,4.7509604,6.4663653,5.0008564,2.1519887,4.190929,9.67741,7.6397953
3.7170174,9.245454,-1.6033485,4.077992,7.3838854,5.428414,2.198859,4.1439505,10.100082,6.4031677
3.624123,9.424161,-1.2330376,3.6651533,7.3669057,4.959886,2.324137,4.3468614,10.064549,6.9701753
3.2887301,9.9521475,-1.1661204,6.1049714,6.3051376,5.8972526,2.3456907,3.526421,9.519019,7.9386854
2.9286616,9.793434,-1.2810069,4.2316637,7.015652,5.19634,1.989922,4.2186327,9.743613,7.0204325
3.2787323,9.803227,-1.1894267,5.1928,6.50267,5.4249954,2.224549,3.8942494,9.53637,7.5297666
2.7726982,9.374007,-1.2302821,4.608863,6.9078894,5.529307,2.3930075,4.0504136,9.535128,7.054773
2.5180297,8.875355,-1.5758393,4.368335,6.941298,5.901472,2.366452,4.2167554,9.802197,6.4417863
2.5749733,9.891229,-1.4126856,5.021154,6.6034174,5.59896,1.8434777,4.0224276,9.621045,7.1313314
3.2225344,9.298928,-1.5574762,4.3131995,6.6478987,5.3762646,2.484494,4.424188,9.697985,6.988043
3.696956,9.722023,-0.98728687,3.5673504,7.2741566,4.597383,2.3471856,4.3626547,9.862808,7.2955327
3.2207205,9.540462,-1.234164,5.335728,6.484474,5.624875,2.312328,3.818454,9.549412,7.464416
3.682338,9.988793,-1.2071637,5.4662204,6.05727,5.2780566,2.1993358,3.9699724,9.619049,7.883521
4.1689205,9.160492,-1.2855127,4.01549,6.9022393,4.9426427,2.6066172,4.414551,10.228827,7.433438
3.5065668,9.743382,-1.3156441,5.117893,6.4402413,5.316774,2.5531688,4.1341276,9.685162,7.845282
3.123616,10.450759,-0.577697,3.3016279,7.478353,4.169712,2.083883,4.3054414,9.288476,7.2525597
3.127742,10.216453,-1.2454724,5.002029,6.438626,5.188954,1.8679446,4.0716953,9.619218,7.59838
3.1149151,10.099293,-1.0361595,4.504833,7.022029,4.9717536,2.2805157,4.142976,9.467995,7.6180224
4.0220823,10.087485,-1.1282794,6.136153,5.9953384,5.5230265,2.4821756,3.716771,9.545562,8.284398
3.525938,9.897616,-0.8507252,3.4858873,7.4716663,4.5807276,2.3017154,4.286768,9.677358,7.0974913
3.5551379,9.551509,-1.4051844,4.5867395,6.555602,5.1990743,2.3247728,4.241806,9.757018,7.158492
2.918187,9.200138,-1.5158823,4.0419345,7.0345187,5.5056624,2.2710662,4.324363,9.848676,6.5489264
3.5460522,9.955035,-1.031774,4.3390555,6.732324,4.805207,2.26363,4.2689953,9.613285,7.5199
3.6612623,9.778488,-0.9982201,3.7214942,7.1488786,4.6436987,2.3194718,4.346127,9.791998,7.2987843
3.8703227,8.883887,-1.9999543,4.1685534,7.3765125,5.706538,2.0897794,4.1924925,10.418845,6.010492
2.6466315,9.763044,-1.418625,5.1499057,6.5737467,5.72683,1.9259944,3.9767535,9.676096,7.1822033
2.5854845,9.7807865,-1.4418659,5.4553733,6.5330954,5.8717566,1.9426337,3.8438895,9.673472,7.3123703
2.7378595,10.015075,-1.0540345,4.283815,7.1146493,5.0851936,2.0062037,4.0964546,9.435306,7.1230946
3.9868422,9.77411,-1.1528667,4.643678,6.4225025,4.925043,2.4004538,4.230875,9.749489,7.6853027
2.8086102,10.095943,-0.8018501,3.9226725,7.286796,4.742334,2.0885549,4.1925645,9.36947,7.2168827
3.519363,9.462297,-1.4677316,4.973407,6.2752023,5.4121695,2.5136623,4.235347,9.719374,7.4358945
2.4307532,8.830024,-1.6165788,4.4328647,6.9356937,5.9836817,2.3649662,4.202053,9.802553,6.403319
2.5495207,9.617117,-1.3851962,4.7174454,6.719842,5.5752454,2.0725656,4.107863,9.537548,6.9095764
2.8874252,9.264927,-1.1709627,4.498061,7.0484543,5.483783,2.3607435,4.047121,9.774501,7.121028
2.229211,8.643162,-1.8452898,4.499744,7.0728807,6.328399,2.289231,4.1831656,9.9725065,6.0694685
2.776804,9.885617,-1.062208,4.170584,7.150901,5.0825543,2.1128948,4.133785,9.436372,7.0341525
2.5921583,9.068572,-1.2523289,5.0390997,6.8896847,5.9613585,2.3098052,3.852149,9.788255,7.0756874
0.54684514,8.250517,-1.3977102,5.2220325,7.231003,6.5199614,2.6246164,3.6365418,9.743686,6.05834
3.1998463,9.717487,-1.4756769,5.223917,6.3901916,5.6052747,2.2239852,4.0656867,9.782303,7.529103
2.4444351,9.736351,-1.0689688,4.2486258,7.05865,5.2007413,2.0835392,4.111797,9.345715,6.889812
2.8762183,9.38705,-1.3337188,4.4701576,7.178161,5.757934,2.3451836,3.9471424,9.6188135,6.607716
2.4468997,9.7175455,-1.0622491,4.29523,7.055907,5.2347975,2.081422,4.0854588,9.337283,6.8775835
3.688219,9.821733,-1.2377548,4.8363175,6.43428,5.1161714,2.3626435,4.16136,9.654687,7.5681925
4.019904,10.120249,-1.0850211,6.0773115,5.985712,5.4747715,2.4508433,3.726912,9.507777,8.275572
2.4497466,9.487273,-1.6169462,4.861807,6.763222,5.9600816,1.9865049,4.0717683,9.721143,6.6687655
0.50609285,8.966917,-2.46641,5.43695,7.7195206,7.2178025,1.2128567,3.4029722,10.192348,5.252312
3.5231848,10.082931,-0.85654026,3.6235209,7.3699255,4.5045896,2.2154322,4.257616,9.601391,7.245461
3.3702989,9.417089,-1.541115,5.0648727,6.377275,5.645705,2.5551748,4.170071,9.712043,7.4539676
2.4979692,9.35487,-1.5150534,4.7062616,6.6909447,5.742437,2.1385975,4.1681232,9.665083,6.7369304
3.8426857,9.36912,-1.2029078,3.810326,7.0899544,4.8585186,2.451717,4.4003363,10.073668,7.2685814
0.20937847,8.217625,-1.8038454,5.3963623,7.1906424,6.7109046,1.8576568,3.3623357,9.822344,5.8563886
3.795241,9.757558,-1.2342986,4.7576594,6.3989334,5.0756197,2.3636186,4.203399,9.7244215,7.5709414
3.648232,9.613452,-0.9422818,3.5241973,7.2651834,4.5950108,2.4161923,4.422787,9.863205,7.266845
3.5668204,9.297661,-1.413559,4.8124566,6.472286,5.330635,2.3731196,4.197842,9.897617,7.417544
4.0214753,8.7371,-2.16883,4.110415,7.5011244,5.7785935,2.0564299,4.197251,10.634388,5.827892
3.481598,10.040982,-1.1659164,5.408681,6.443276,5.3453856,2.503944,3.9460638,9.513673,8.028768
2.5704994,9.319879,-1.4895904,4.5853286,6.952417,5.8330584,2.2001736,4.0731125,9.675004,6.586171
2.931993,9.504887,-1.4715068,4.749035,6.766454,5.4553556,2.096175,4.194629,9.898304,7.366364
3.16719,9.70491,-1.4304082,5.1248603,6.4427834,5.544313,2.1315637,4.0765004,9.846026,7.5144334
4.019731,9.331847,-1.1366731,3.7141397,7.1122847,4.74941,2.529621,4.4298387,10.149513,7.4220214
3.8676465,10.038838,-1.1009881,4.793341,6.3716264,4.8863688,2.2876766,4.2026587,9.626424,7.7746716
0.67345226,8.414012,-1.7349848,5.1751237,7.276936,6.871791,2.3240528,3.6070075,9.73691,5.8017926
2.9206183,10.15229,-0.8329149,3.9722898,7.1965904,4.6925516,2.1270754,4.1963277,9.410615,7.3540344
3.943337,9.983888,-1.1460577,5.5111823,6.0661063,5.2326584,2.3886123,3.9744422,9.609322,8.032894
2.962056,8.963476,-1.4515868,4.290221,6.757416,5.414319,2.4602363,4.3568053,9.8863535,6.922535
0.38371414,8.051853,-1.1146152,5.2141495,7.2407517,6.4004793,2.9313605,3.5960748,9.720174,6.1670384
3.5420487,9.4448185,-1.2126656,5.5251746,6.2426147,5.685031,2.4636526,3.826983,9.592341,7.5733438
3.09639,10.387625,-0.6315279,3.3560007,7.4362497,4.2546167,2.0710678,4.3184547,9.32122,7.198164
3.3618097,9.425418,-1.5248286,5.0591593,6.357878,5.6189485,2.543017,4.1782346,9.679039,7.4038873
2.7640793,9.965251,-0.9046584,4.0730176,7.224259,4.919046,2.0947783,4.164166,9.425661,7.177912
3.9580584,9.961578,-1.1333066,5.446363,6.1169543,5.224504,2.3972147,3.9733613,9.6095295,7.9976125
2.5686874,9.439996,-1.5225224,4.9963856,6.538957,5.8297057,2.1529453,4.078977,9.607629,6.880871
3.96932,9.983675,-1.1272968,5.658458,6.0424457,5.3108287,2.4198627,3.9008596,9.584596,8.075447
3.8578835,10.09976,-1.0736475,5.0710053,6.269485,4.991964,2.2896562,4.0935297,9.578462,7.8845344
3.8069928,9.289476,-1.170538,3.7424803,7.1224,4.865423,2.5084605,4.4226694,10.087155,7.2739754
3.320568,9.392351,-1.5210203,5.1513834,6.376304,5.6955104,2.4971583,4.103977,9.728082,7.4683228
3.3002224,9.853587,-1.4498854,5.3514166,6.2710223,5.5451345,2.208723,4.037877,9.732938,7.6538506
2.9007378,9.632622,-1.1069069,4.2326803,7.197074,5.1596045,2.2102852,4.1500363,9.683517,7.1923766
3.832161,9.889931,-1.2173647,5.5602183,6.0984674,5.350105,2.4214003,3.9621868,9.637597,8.020277
2.7147171,9.514223,-1.5164746,5.1059456,6.393869,5.731974,2.1877964,4.094935,9.611287,7.0540276
3.3924904,9.591893,-1.4630117,5.045041,6.426765,5.5265555,2.4677248,4.132678,9.701548,7.488722
3.3774219,10.266562,-0.659128,3.4995575,7.3852153,4.2928114,2.2280183,4.274461,9.426001,7.424789
3.6936138,9.014805,-1.8125471,4.1069126,7.290072,5.584574,2.1540983,4.2470427,10.242906,6.214808
3.4453597,10.246842,-0.64951247,3.2572892,7.4743943,4.1637874,2.2191987,4.325922,9.49321,7.338042
4.0906925,8.893094,-2.0028057,4.2105656,7.3473516,5.6378827,2.1152124,4.185881,10.480287,6.1074014
3.4346795,10.212439,-0.69757444,3.417788,7.429599,4.2866282,2.2339497,4.299052,9.500966,7.3604627
2.9035552,9.507299,-1.4640422,4.314971,6.886121,5.4179,2.142927,4.273795,9.757161,6.839489
2.4032362,9.707753,-1.4276364,5.1216636,6.7216635,5.8598223,1.867418,3.9278333,9.699941,7.0424924
0.98583895,9.343859,-2.1087215,5.9414306,7.840413,7.948567,1.8632531,3.2900476,10.100982,5.5766525
4.008604,10.14671,-1.0723076,6.1408744,5.9599466,5.513316,2.4351647,3.6835303,9.486314,8.298316
0.43445233,8.057864,-1.1437033,5.1567106,7.2323785,6.4045544,2.921903,3.6280193,9.688062,6.1184263
4.1149745,8.86748,-1.9842907,4.071839,7.391324,5.561835,2.1405542,4.240492,10.5126505,6.123491
3.2765682,10.033514,-1.3374557,5.442918,6.265281,5.4857793,2.0596085,3.9442925,9.644225,7.705795
2.8717642,9.91111,-1.2502751,4.793951,6.914396,5.300981,2.227345,4.097686,9.601606,7.533857
4.000789,9.07149,-1.227661,3.7192202,7.1325502,4.8805494,2.5980647,4.4602833,10.281467,7.2860794
3.3582032,9.248222,-1.2978073,5.1412773,6.5648365,5.5892997,2.2857008,3.9026644,9.70775,7.314414
3.971417,9.528868,-1.2335497,4.3838015,6.604379,4.9369597,2.4532812,4.329305,9.937981,7.537509
3.3442788,10.056939,-1.1379414,5.141834,6.5966506,5.2256637,2.4548705,4.023681,9.491216,7.9167414
3.5183868,9.943852,-1.1816144,5.9826326,6.2432013,5.7597876,2.4204283,3.6407766,9.529107,7.9682364
3.6982973,9.837754,-1.2400954,5.56301,6.073887,5.4371786,2.3001182,3.919457,9.627496,7.832023
0.53822345,8.853449,-1.8113017,5.9217,7.6371875,7.5011153,2.2487595,3.4025843,9.9936495,5.8120975
2.7207663,9.279255,-1.3034995,4.921114,6.8578887,5.83638,2.4354706,3.8943067,9.498059,6.927399
3.7043352,9.919772,-1.2305254,5.5163894,6.2584877,5.3890486,2.532037,3.9640539,9.600046,8.050184
3.1010396,9.686527,-1.3187464,4.8133483,6.563548,5.3379188,2.1700492,4.1786184,9.740671,7.423305
3.454081,10.302626,-0.66203445,3.3749177,7.4448166,4.2117987,2.2333415,4.2934957,9.452921,7.3931437
3.2721467,9.958705,-1.0504181,4.1891294,6.9821243,4.8732257,2.1768317,4.2040806,9.641431,7.344773
3.281216,9.795431,-1.4039963,5.3663754,6.346681,5.5693674,2.339642,4.014444,9.699344,7.7011814
3.2808557,9.851947,-1.0114172,3.8472917,7.4697456,4.9943304,2.2199998,4.1035924,9.649507,6.9320354
3.7310984,9.4460335,-1.0752386,3.6838756,7.195846,4.7622585,2.4575746,4.3957334,10.001786,7.3029413
3.3978462,10.1687355,-0.51924133,3.2780695,7.42857,4.1774406,2.2959664,4.4404793,9.457601,7.288429
4.043352,10.100437,-1.0594413,5.6166086,6.113943,5.2422023,2.4179025,3.889075,9.535212,8.12601
3.3145905,10.327875,-0.6041002,3.3585875,7.472492,4.189424,2.1979187,4.317814,9.399409,7.340774
3.1934342,10.345851,-0.52958244,3.3820562,7.4727006,4.2087817,2.1866777,4.3166895,9.31473,7.3145156
2.8420293,9.882866,-1.1887467,4.568631,7.074441,5.216239,2.2584424,4.1322207,9.5724535,7.4519997
2.54345,9.234164,-1.27052,5.1020236,6.8824787,5.9849753,2.4836867,3.7664587,9.43238,6.9682446
1.1684108,9.220146,-1.9728326,4.679086,7.640249,6.4910398,1.637928,3.8399696,10.057358,5.434655
3.034231,9.796424,-1.2618455,4.2086916,7.113589,5.16619,1.998,4.180518,9.787777,7.0346622
3.3404903,10.066473,-1.2305647,5.1060514,6.315747,5.194678,2.0213714,4.071999,9.63446,7.6793847
0.8341173,8.6251955,-2.508859,4.952669,6.979987,7.098237,1.4318708,3.7171292,9.8433695,5.1657205
4.0696807,9.944937,-1.1112422,5.512604,6.0991774,5.234864,2.4336402,3.9418652,9.644551,8.056134
2.7632244,9.055541,-1.4926927,4.314294,6.954355,5.667821,2.2761796,4.23039,9.879603,6.6376424
2.4763522,8.677067,-1.7208405,4.3626857,7.033673,6.0345626,2.357266,4.2395315,9.998314,6.2604117
3.0679028,9.0455265,-1.5843625,4.166612,6.7520437,5.4772825,2.4823506,4.4354186,9.834982,6.7541475
3.552989,9.459751,-1.2088035,3.8329744,7.0949764,4.9401913,2.3689532,4.36829,9.907338,7.0969524
1.2290062,8.860626,-2.5513396,5.475858,7.8239956,7.168984,1.3981816,3.8186107,10.405083,5.892789
3.449156,9.889706,-1.2791098,5.6925173,6.19891,5.6312323,2.2911475,3.8230903,9.599608,7.8137426
0.26050332,8.120265,-1.3509386,5.3263345,7.2532,6.555536,2.556869,3.4950392,9.754177,6.0253115
3.1052983,10.319183,-0.69297934,3.3935802,7.4035826,4.322866,2.0980291,4.331945,9.36817,7.1696444
0.15246388,8.706766,-2.0725608,5.55835,7.2370005,7.1474476,1.5658363,3.244175,9.757334,5.6285076
2.8115919,9.897331,-0.90010345,4.0096273,7.1976695,4.892614,2.1481647,4.2208915,9.422119,7.1099496
3.8964303,10.0938425,-1.070982,5.0043054,6.3104897,4.9633923,2.2958171,4.1091785,9.587532,7.859663
2.9945464,9.936379,-1.0819163,3.9682288,7.260287,4.961066,2.0565698,4.181595,9.585717,7.0240536
3.2392526,9.261047,-1.3858365,4.1368494,7.004884,5.212449,2.2721906,4.3007655,9.9570465,6.905565
2.6997695,9.2703495,-1.2671156,5.334885,6.711566,5.9915714,2.4654827,3.743506,9.494442,7.1641784
3.34165,10.147486,-0.5056519,3.305692,7.4348574,4.2187057,2.2671812,4.444008,9.432031,7.2441306
2.9906836,8.847803,-1.5010784,4.09343,6.9461217,5.4622517,2.445556,4.3820143,10.033888,6.743467
3.616263,9.473776,-1.074857,3.6657972,7.261009,4.7822595,2.4205616,4.387274,9.981896,7.2556696
4.0088096,8.8738,-2.0126677,4.149738,7.388861,5.655905,2.1060362,4.206731,10.478335,6.0375104
3.8765311,9.902132,-1.1743221,4.610232,6.4940453,4.9024467,2.2943718,4.243706,9.687118,7.569292
3.796356,9.075958,-1.2867503,3.7510586,7.2078285,5.0051928,2.5089226,4.4097476,10.22779,7.117791
3.0529459,9.778074,-1.1980358,4.080474,7.1877112,5.1061177,2.0830157,4.1820827,9.680826,6.969867
3.5246782,9.722673,-0.92502105,3.6044457,7.1340036,4.5725656,2.3463862,4.435281,9.74756,7.1981425
3.8316598,9.479008,-1.1823032,4.069735,6.8129845,4.8492785,2.455129,4.394392,9.940083,7.430182
3.266574,9.295557,-1.3456725,5.461088,6.4503374,5.8621526,2.3705487,3.7947984,9.663135,7.383951
3.6834347,9.60363,-1.2988559,4.7649727,7.0665812,5.636907,2.4850352,3.7902303,9.678516,6.985532
3.3163083,9.798791,-1.0256093,3.818603,7.4245863,4.957327,2.2383626,4.1500573,9.694703,6.9741316
3.2584748,10.211536,-0.7275178,3.564334,7.3611145,4.383353,2.1805367,4.261806,9.445817,7.350712
2.775459,9.6943445,-1.191574,5.8494434,6.8655787,6.247031,2.4216204,3.3861175,9.558662,7.4761343
3.0140731,9.422823,-1.4195428,4.2642274,6.757554,5.3344936,2.3676355,4.353105,9.6171255,6.945443
2.5607572,9.134984,-1.7996837,4.9526057,7.062057,5.9013944,2.2006686,4.1385093,10.035363,7.1820183
2.5752275,8.926026,-1.55699,4.5937824,6.933844,6.0036316,2.3735113,4.1111364,9.795562,6.52555
2.4570408,9.250854,-1.3713459,5.105984,6.7892094,5.955731,2.4582996,3.8402405,9.343161,6.8926005
2.968993,9.075804,-1.3367409,4.3870296,6.8581834,5.4457717,2.428205,4.214243,9.819717,6.931113
3.0744438,9.448485,-1.2450576,4.6029615,7.2196393,5.759453,2.429243,3.8171446,9.590059,6.751998
3.1831114,9.757199,-1.4830711,5.31636,6.396978,5.6758,2.2602975,4.012739,9.723722,7.527623
3.6112692,9.456888,-1.4019743,4.8766475,6.3687377,5.3311763,2.4605665,4.223593,9.842108,7.5530295
2.8335152,9.857279,-1.267047,6.029632,6.476479,6.0820007,2.2036834,3.5075402,9.5601015,7.6719956
3.4359627,9.332484,-1.4683577,4.8751984,6.4190807,5.448163,2.485829,4.2243547,9.817926,7.4301996
3.1051207,10.283135,-0.74049884,3.5127435,7.4306216,4.3888135,2.0860837,4.228101,9.3919525,7.238707
3.8193135,9.850411,-1.1919327,4.7551026,6.4005003,4.9989786,2.3618941,4.2072687,9.666651,7.61451
3.7988489,9.81432,-1.1326749,5.2019043,6.258437,5.245269,2.345044,3.9913735,9.585169,7.706106
3.4867568,10.033833,-0.59079134,3.2861643,7.4454594,4.272446,2.3242526,4.450701,9.553426,7.206826
0.43195778,8.091819,-1.1498896,5.1826253,7.221804,6.3904853,2.8961227,3.6282456,9.716654,6.1456757
0.42020017,8.825596,-1.9855492,5.609206,7.3185906,7.2838454,1.6635556,3.215704,9.818358,5.699673
3.9662147,10.059451,-1.1022625,5.951948,5.994539,5.4542065,2.4167948,3.7721066,9.52431,8.173132
4.1471024,9.156898,-1.284923,3.9192305,6.976161,4.9279776,2.5986362,4.4259887,10.234462,7.3855557
0.3905004,8.18183,-1.2468139,5.3200474,7.2910504,6.5470943,2.77589,3.5698357,9.7496805,6.083944
3.157643,9.1801405,-1.2620168,4.908402,6.6876884,5.602523,2.321976,3.9969923,9.846174,7.2388015
3.9804354,9.782612,-1.1513044,4.5822363,6.474405,4.887564,2.4038742,4.2634964,9.764529,7.6732473
3.9637933,10.122587,-1.0040046,4.9791,6.3359423,4.8991666,2.3504217,4.0968056,9.552775,7.9169455
2.3828893,9.212563,-1.2500627,5.0811396,6.8895407,5.9725504,2.3886027,3.793468,9.493634,6.974998
2.8783996,10.063175,-0.753956,3.9493015,7.2111163,4.7041354,2.1354299,4.1944184,9.351899,7.297692
3.1388853,10.590041,-0.46062863,3.191172,7.5101504,4.0075355,2.1123836,4.310968,9.204566,7.317604
3.0433347,9.671503,-1.1545829,5.4206843,6.6541867,5.7074466,2.3262188,3.6989849,9.509037,7.508576
2.7058828,9.9666395,-1.0141156,4.2592726,7.147012,5.0693984,2.089533,4.1072087,9.400182,7.151444
3.7572694,9.437368,-1.3509862,4.567856,6.5279727,5.1684933,2.5346072,4.3121076,9.879859,7.538189
3.831542,9.983515,-1.1344166,5.883787,6.0868726,5.513554,2.4518247,3.7658463,9.549137,8.097218
3.9262493,10.034125,-1.0599446,4.9062557,6.394323,4.9172564,2.3907366,4.1343207,9.60019,7.856889
3.946302,9.048989,-1.2500639,3.695097,7.159494,4.906768,2.5806534,4.4565606,10.2767725,7.2188406
3.8591483,10.085534,-1.1164985,6.1173716,6.0638514,5.604748,2.439869,3.6660876,9.510648,8.197797
3.460907,9.962992,-0.8151107,3.7454891,7.0204096,4.4418526,2.329063,4.410512,9.604187,7.375315
4.1393876,9.207728,-1.2944607,4.0288663,6.899039,4.9490747,2.573266,4.408015,10.187703,7.3953347
3.7422535,10.023648,-1.169679,6.0038853,6.1145816,5.6248984,2.4123297,3.7091584,9.54647,8.077351
2.259007,9.303008,-1.620055,4.5221577,7.0195785,5.870171,2.0746565,4.1414685,9.72654,6.421791
3.1522691,10.623629,-0.42669806,3.161614,7.5296607,3.9638832,2.1341064,4.3085585,9.1821785,7.345918
3.2695916,10.130775,-1.2067409,4.945214,6.440756,5.1440578,1.9881066,4.1086626,9.6219425,7.609149
3.5503106,9.741347,-1.0826398,4.1137743,6.8327365,4.816039,2.3241174,4.3343024,9.710745,7.3829384
3.9474006,10.041973,-1.1110926,5.9035945,6.022865,5.4426236,2.4267788,3.787647,9.540724,8.153869
3.4350183,9.179037,-1.4047039,4.4099436,6.7103024,5.240674,2.4143813,4.313864,9.937206,7.2370896
2.4023252,8.747954,-1.5922658,4.495102,6.965021,6.0520515,2.405164,4.146598,9.837362,6.378876
4.023719,9.067508,-1.7547989,4.3875704,7.1200385,5.516856,2.2308176,4.152855,10.270433,6.5420837
3.1145263,8.921054,-1.4048454,4.01784,6.9599094,5.2954006,2.459956,4.403938,10.041643,6.9022574
3.9512773,9.078027,-1.7804213,4.1896896,7.24605,5.459793,2.170603,4.2132144,10.2891245,6.39396
3.4371052,9.682848,-1.3320972,5.1646204,6.4324837,5.5050707,2.4776976,4.012095,9.595026,7.5259857
3.519535,10.149592,-0.69068015,3.385539,7.366033,4.266838,2.2817762,4.371597,9.539697,7.338882
3.0719569,9.134052,-1.3388904,4.659466,6.7592106,5.526654,2.3148766,4.1392655,9.982833,7.1903925
3.282242,10.098799,-0.5055382,3.3727303,7.410261,4.2747035,2.254547,4.4461675,9.417601,7.2341223
3.9299705,9.174203,-1.2226886,3.7367194,7.1204557,4.8905835,2.5636842,4.438888,10.193726,7.275937
3.5758996,9.372614,-1.4174588,4.002175,7.1740007,5.1673985,2.2387257,4.2869754,10.033675,6.8273296
4.0010915,9.996896,-1.178049,5.9775333,6.0459275,5.497479,2.4546018,3.7830653,9.591906,8.129862
2.300906,9.232901,-1.852531,4.900764,7.185338,6.6592474,2.030467,3.9985187,10.020268,6.095783
3.511707,9.413609,-1.4018421,3.8103356,7.2221227,5.083365,2.2050247,4.3338547,9.945928,6.662259
3.8616095,9.952603,-1.0844759,4.5313187,6.5451117,4.7960463,2.3499196,4.2598314,9.632352,7.653829
3.72288,9.69958,-1.266293,4.783464,6.3493786,5.097201,2.4135425,4.2376146,9.709283,7.5664177
2.5816922,9.759543,-1.0859857,4.244412,7.084507,5.1940184,2.1027977,4.119975,9.413706,6.9422536
2.5065136,8.927058,-1.5447605,4.4323144,6.923451,5.8721576,2.354402,4.1790147,9.773625,6.51865
3.5569315,9.938371,-0.75078344,3.3558857,7.339387,4.3512864,2.2994916,4.425976,9.679243,7.201686
2.9387634,10.123865,-0.84323245,4.270992,7.02077,4.837403,2.1049788,4.115311,9.339821,7.387436
3.2101598,9.328655,-1.1742395,4.019162,7.1827435,5.1168847,2.3320985,4.2519546,9.907821,7.0950766
2.785558,9.268235,-1.5054642,4.419132,7.116877,5.846769,2.2915695,4.0796394,9.723386,6.4771852
3.5579405,9.917116,-1.2539564,5.835164,6.183753,5.680945,2.35608,3.7558055,9.585029,7.882127
3.4671783,10.091267,-1.195456,5.193925,6.239335,5.174859,2.0542557,4.040706,9.60779,7.7547717
3.1130662,10.127255,-0.8521129,4.2169204,6.9597945,4.7586412,2.1075103,4.18227,9.416999,7.4031663
3.397858,9.745456,-1.0380002,3.8008158,7.4548697,4.9830527,2.2923357,4.1340594,9.691339,6.899895
3.535702,10.213755,-0.6539551,3.3947701,7.3772435,4.2539573,2.3182533,4.3492603,9.50753,7.3970966
3.5516105,9.999502,-0.8332035,3.3555686,7.4486136,4.395953,2.2492154,4.3356957,9.692522,7.1830277
3.5399575,10.164926,-0.77910066,3.4112527,7.4188275,4.330332,2.275165,4.3089523,9.584435,7.335206
0.5514004,8.13057,-1.1735663,5.1277285,7.2081094,6.3515,2.8740602,3.6680279,9.730334,6.1597486
3.8194242,9.347338,-1.1509557,3.7233357,7.144202,4.825343,2.4907062,4.411317,10.07277,7.2809896
3.4752576,9.888372,-1.2614481,5.286766,6.4270167,5.365428,2.5350506,4.033069,9.585755,7.916933
2.7431588,9.641133,-1.1142794,4.251379,7.018127,5.200266,2.274871,4.1750717,9.421098,7.016329
3.588864,9.951401,-1.2136114,5.0702567,6.363674,5.186142,2.281446,4.079584,9.616709,7.7113304
3.8694975,9.098706,-1.2940078,3.7933424,7.080545,5.0023828,2.5889082,4.4454513,10.214222,7.251965
1.3466431,8.896332,-2.1576633,5.0230136,7.0596538,6.5784,2.0549164,3.9589112,9.598325,5.931241
3.9371676,9.943374,-1.1381764,5.7145014,6.0589604,5.3824277,2.4403133,3.8660252,9.585559,8.060899
3.5540547,9.993799,-0.71251667,3.4081993,7.2758164,4.2807875,2.3396583,4.4464993,9.638022,7.3423266
3.1209428,10.081547,-0.77528083,3.9249785,7.129594,4.6186566,2.1849957,4.2564645,9.420389,7.3621364
2.4191484,9.578585,-1.4776962,5.024117,6.7698145,5.9129767,1.9206948,3.9806368,9.776569,6.955788
2.8605652,10.049717,-0.84231013,4.0307255,7.196429,4.803021,2.1240656,4.172336,9.377589,7.2547007
3.3614624,10.288291,-0.56863,3.295828,7.4388976,4.167371,2.2274456,4.3725533,9.411702,7.3116035
3.504292,9.658474,-1.3351796,5.494701,6.2024817,5.6231914,2.396261,3.9340193,9.631182,7.6608586
2.6721075,9.798423,-1.4054062,5.4705195,6.518174,5.846004,1.9607016,3.8254437,9.66153,7.3512716
3.7645123,9.898281,-1.1574644,5.3218975,6.1981306,5.2635255,2.336493,3.9906301,9.599825,7.8187604
0.4302903,8.112107,-1.1777778,5.1912184,7.229869,6.4111466,2.8645654,3.6249807,9.718955,6.1218057
3.4864821,9.979405,-1.2449044,5.605065,6.3194213,5.5125365,2.451506,3.884769,9.572909,7.992751
2.9936123,9.128939,-1.2539003,5.2405643,6.576152,5.882927,2.4664392,3.8502731,9.63118,7.204421
3.5883152,9.440104,-1.1999238,4.1203494,6.8410387,4.974272,2.3937929,4.3536386,9.943423,7.3661804
4.113891,9.16033,-1.7858098,4.2131104,7.227543,5.3919063,2.1433663,4.2105827,10.296235,6.412277
3.1543825,10.60818,-0.4357982,3.1705337,7.521947,3.9770443,2.131355,4.311467,9.190937,7.3433003
3.435514,9.436523,-1.2934182,5.5085897,6.3462486,5.763388,2.4086587,3.801816,9.617605,7.4998
3.44638,9.237893,-1.5476279,4.063591,7.37658,5.4948287,2.2193644,4.1385508,10.003036,6.3924775
3.9673033,9.128802,-1.7830161,4.1289396,7.3351817,5.4419255,2.1464348,4.1936884,10.288118,6.325958
2.8530335,10.23926,-1.349632,5.13771,6.40924,5.3025327,1.6856158,3.9899263,9.594991,7.429849
4.1299477,8.9482565,-1.9681078,4.2599125,7.308569,5.609236,2.1298587,4.186302,10.449079,6.1759562
2.814836,9.660754,-1.1357582,4.2393284,7.0169473,5.191589,2.2363832,4.172251,9.467636,6.985884
3.2737741,9.778742,-0.96665555,4.962789,7.528966,5.8315125,2.6033134,3.39783,9.762206,7.4161725
3.5781033,9.615231,-1.3155597,5.344769,6.1687393,5.4612074,2.3338802,4.0161033,9.722498,7.688431
3.432435,10.081485,-0.7861166,3.4179533,7.3408394,4.366744,2.2344952,4.3758955,9.580071,7.2668457
